candidate_id,full_name,primary_email,phone_number,current_company,current_title,years_experience,highest_degree,university,graduation_year,primary_skills,secondary_skills,current_location,preferred_location,current_ctc_lpa,expected_ctc_lpa,notice_period_days,linkedin_url,github_url,recruiter_notes,last_updated
CAND-0001,Karthik Patel,karthik.patel1@outlook.com,07000007919,Salesforce,Software Engineer,9,B.E.,Anna University,2014,"AWS, Django, Docker, TensorFlow, FastAPI","React, Power BI",Chennai,Pune,13.8,19.5,0,https://www.linkedin.com/in/karthik-patel-1,https://github.com/karthikpatel1,Open to Bengaluru and Chennai.,06/17/2025
CAND-0002,Rahul Chakraborty,rahul_chakraborty2@gmail.com,+91 70000 15838,Google,Cloud Engineer,9,M.Tech,Anna University,2016,"Kubernetes, FastAPI, PyTorch","AWS, SQL, Django, Java",Pune,Hyderabad,10.9,16.6,45,https://www.linkedin.com/in/rahul-chakraborty-2,https://github.com/rahulchakraborty2,Actively interviewing with multiple companies.,08/07/2025
CAND-0003,Diya Krishnan,diya.krishnan3@yahoo.com,+91-70000-23757,Adobe,Full Stack Engineer,12,B.Tech,SRM,2011,"PyTorch, React, Kubernetes, Power BI, Django","SQL, TensorFlow",Coimbatore,Chennai,42.5,59.9,30,https://www.linkedin.com/in/diya-krishnan-3,https://github.com/diyakrishnan3,Needs compensation discussion.,2025-03-31
CAND-0004,Rohan Verma,rohan_verma4@yahoo.com,+91-70000-31676,Salesforce,Data Engineer,4,M.Tech,VIT,2018,"Docker, React, FastAPI, MongoDB, Django","SQL, PostgreSQL, Kubernetes, TensorFlow",Mumbai,Pune,31.6,41.3,0,https://www.linkedin.com/in/rohan-verma-4,https://github.com/rohanverma4,Strong system design fundamentals.,20/10/2024
CAND-0005,Ishaan Chakraborty,ishaan_chakraborty5@outlook.com,07000039595,Bluestock,DevOps Engineer,10,MCA,SSN,2015,"Kubernetes, FastAPI, PostgreSQL, Python","React, Power BI, AWS, Docker",Delhi NCR,Delhi NCR,8.5,11.1,30,https://www.linkedin.com/in/ishaan-chakraborty-5,https://github.com/ishaanchakraborty5,"Good communication, prefers backend work.",12/29/2024
CAND-0006,Arjun Kulkarni,arjun.kulkarni6@yahoo.com,7000047514,Bluestock,Full Stack Engineer,14,B.E.,SRM,2008,"Spring Boot, SQL, React","PyTorch, Python, Power BI, Docker",Chennai,Bengaluru,30.9,43.1,60,https://www.linkedin.com/in/arjun-kulkarni-6,https://github.com/arjunkulkarni6,Strong system design fundamentals.,"Sep 25, 2024"
CAND-0007,Aditya Chakraborty,adityachakraborty7@yahoo.com,(700) 005-5433,Freshworks,Backend Engineer,3,MCA,IIIT Hyderabad,2020,"FastAPI, Kubernetes, TensorFlow","Django, Power BI, PostgreSQL",Pune,Chennai,31.7,48.5,15,https://www.linkedin.com/in/aditya-chakraborty-7,https://github.com/adityachakraborty7,Interested in product engineering roles.,03-Sep-2024
CAND-0008,Aarav Rao,aarav.rao8@hotmail.com,(700) 006-3352,Freshworks,Frontend Developer,10,M.Tech,NIT Trichy,2013,"Python, Django, Java, PostgreSQL, Spring Boot","SQL, Docker",Bengaluru,Coimbatore,14.6,17.2,45,https://www.linkedin.com/in/aarav-rao-8,https://github.com/aaravrao8,Needs compensation discussion.,2025-01-10
CAND-0009,Arjun Srinivasan,arjun.srinivasan9@outlook.com,7000071271,Oracle,Data Engineer,7,M.Tech,IIIT Hyderabad,2016,"PyTorch, PostgreSQL, MongoDB","Python, AWS",Pune,Bengaluru,22.0,32.9,45,https://www.linkedin.com/in/arjun-srinivasan-9,https://github.com/arjunsrinivasan9,Interested in product engineering roles.,"Apr 11, 2025"
CAND-0010,Karthik Kulkarni,karthik_kulkarni10@proton.me,(700) 007-9190,Wipro,Senior Software Engineer,8,M.Tech,IIT Madras,2016,"Python, PyTorch, Kubernetes","React, FastAPI",Chennai,Bengaluru,37.5,56.0,45,https://www.linkedin.com/in/karthik-kulkarni-10,https://github.com/karthikkulkarni10,Strong system design fundamentals.,03-Aug-2025
CAND-0011,Meera Menon,meeramenon11@outlook.com,,Oracle,Engineering Manager,11,B.Tech,IIIT Hyderabad,2011,"Django, Python, TensorFlow, Power BI","Java, Docker, PostgreSQL, SQL",Chennai,Coimbatore,34.0,41.2,15,https://www.linkedin.com/in/meera-menon-11,https://github.com/meeramenon11,Strong system design fundamentals.,2026-03-01
CAND-0012,Karthik Subramanian,karthik_subramanian12@proton.me,+91 70000 95028,Microsoft,BI Analyst,4,M.Tech,PSG,2019,"AWS, PyTorch, TensorFlow","Power BI, Spring Boot, FastAPI, Django",Pune,Hyderabad,28.6,33.3,0,https://www.linkedin.com/in/karthik-subramanian-12,https://github.com/karthiksubramanian12,Strong system design fundamentals.,10/12/2025
CAND-0013,Aishwarya Iyer,,+91-70001-02947,Microsoft,Engineering Manager,4,B.Tech,IIIT Hyderabad,2019,"PostgreSQL, Java, Django, Spring Boot","FastAPI, PyTorch, Power BI",Hyderabad,Delhi NCR,25.7,30.9,0,https://www.linkedin.com/in/aishwarya-iyer-13,https://github.com/aishwaryaiyer13,Interested in product engineering roles.,2025-03-27
CAND-0014,Rahul R. Chakraborty,rahul_chakraborty2+alt14@gmail.com,+91-70000-15838,Amazon,Cloud Engineer,9,M.Tech,Anna University,2016,"Kubernetes, FastAPI, PyTorch","AWS, SQL, Django, Java",Pune,Hyderabad,10.9,16.6,45,https://www.linkedin.com/in/rahul-chakraborty-2,https://github.com/rahulchakraborty2,Possible duplicate from alternate recruiter intake.,04-Apr-2025
CAND-0015,Karthi Kulkarni,karthik_kulkarni10+alt15@proton.me,+91 70000 79190,Accenture,Senior Software Engineer,8,M.Tech,IIT Madras,2016,"Python, PyTorch, Kubernetes","React, FastAPI",Chennai,Bengaluru,37.5,56.0,45,https://www.linkedin.com/in/karthik-kulkarni-10,https://github.com/karthikkulkarni10,Possible duplicate from alternate recruiter intake.,16/06/2025
CAND-0016,Meera M. Menon,meeramenon11+alt16@outlook.com,07000126704,Freshworks,Engineering Manager,11,B.Tech,IIIT Hyderabad,2011,"Django, Python, TensorFlow, Power BI","Java, Docker, PostgreSQL, SQL",Chennai,Coimbatore,34.0,41.2,15,https://www.linkedin.com/in/meera-menon-11,https://github.com/meeramenon11,Possible duplicate from alternate recruiter intake.,12-Nov-2025
CAND-0017,VIVAAN IYER,vivaan.iyer17@outlook.com,7000134623,Bluestock,DevOps Engineer,14,M.Sc Computer Science,SSN,2011,"PyTorch, FastAPI, React","TensorFlow, Power BI, Kubernetes, MongoDB",Coimbatore,Hyderabad,16.8,19.3,60,https://www.linkedin.com/in/vivaan-iyer-17,https://github.com/vivaaniyer17,"Good communication, prefers backend work.","Nov 28, 2024"
CAND-0018,Sai Sharma,saisharma18@outlook.com,+91-70001-42542,Cisco,Data Engineer,13,M.Tech,VIT,2009,"Django, PyTorch, PostgreSQL, MongoDB","AWS, TensorFlow",Coimbatore,Coimbatore,43.9,51.2,15,https://www.linkedin.com/in/sai-sharma-18,https://github.com/saisharma18,Needs compensation discussion.,25/07/2024
CAND-0019,  Ananya Chakraborty  ,ananya_chakraborty19@yahoo.com,+91 70001 50461,Wipro,DevOps Engineer,13,B.E.,SRM,2011,"FastAPI, React, SQL","Java, Kubernetes, Python, TensorFlow",Bengaluru,Chennai,32.1,46.4,90,https://www.linkedin.com/in/ananya-chakraborty-19,https://github.com/ananyachakraborty19,Interested in product engineering roles.,12-Aug-2025
CAND-0020,Rahul Kulkarni,rahulkulkarni20@yahoo.com,07000158380,Microsoft,Full Stack Engineer,6,MCA,IIIT Hyderabad,2016,"Spring Boot, Python, Java, FastAPI, React","TensorFlow, Django, AWS, PostgreSQL",Chennai,Pune,31.0,40.6,60,https://www.linkedin.com/in/rahul-kulkarni-20,https://github.com/rahulkulkarni20,Interested in product engineering roles.,2025-03-17
CAND-0021,Kavya Sharma,kavya_sharma21@proton.me,+91-70001-66299,Freshworks,Engineering Manager,11,B.E.,IIT Madras,2012,,"PostgreSQL, TensorFlow, React",Delhi NCR,Hyderabad,34.1,49.3,60,https://www.linkedin.com/in/kavya-sharma-21,https://github.com/kavyasharma21,Interested in product engineering roles.,"Jan 12, 2025"
CAND-0022,Isha Srinivasan,isha_srinivasan22@outlook.com,,Accenture,Backend Engineer,10,M.Sc Computer Science,NIT Trichy,2012,"FastAPI, PostgreSQL, Django","Power BI, MongoDB, Docker",Coimbatore,Coimbatore,28.2,37.0,90,https://www.linkedin.com/in/isha-srinivasan-22,https://github.com/ishasrinivasan22,Interested in product engineering roles.,2026-05-05
CAND-0023,Vik Patel,vikram_patel23@hotmail.com,+91 70001 82137,Bluestock,BI Analyst,6,B.Tech,NIT Trichy,2019,"PyTorch, FastAPI, Django","React, Python",Pune,Delhi NCR,9.6,14.7,60,https://www.linkedin.com/in/vikram-patel-23,https://github.com/vikrampatel23,Interested in product engineering roles.,"Jun 13, 2026"
CAND-0024,Nisha Subramanian,nishasubramanian24@outlook.com,7000190056,Adobe,Backend Engineer,11,B.Tech,NIT Trichy,2011,"SQL, AWS, Django","PostgreSQL, PyTorch",Bengaluru,Coimbatore,32.8,49.4,45,https://www.linkedin.com/in/nisha-subramanian-24,https://github.com/nishasubramanian24,Actively interviewing with multiple companies.,12/25/2025
CAND-0025,Pooja Krishnan,pooja_krishnan25@outlook.com,+91-70001-97975,Infosys,Cloud Engineer,10,B.E.,NIT Trichy,2013,"MongoDB, Kubernetes, Docker, React","PyTorch, PostgreSQL, Spring Boot, FastAPI",Chennai,Delhi NCR,37.8,57.0,30,https://www.linkedin.com/in/pooja-krishnan-25,https://github.com/poojakrishnan25,Interested in product engineering roles.,04-Apr-2025
CAND-0026,Ananya Verma,,(700) 020-5894,Freshworks,Senior Software Engineer,3,MCA,IIT Madras,2019,"Power BI, Django, Java","Kubernetes, Docker, PyTorch",Coimbatore,Mumbai,11.9,15.5,90,https://www.linkedin.com/in/ananya-verma-26,https://github.com/ananyaverma26,Strong system design fundamentals.,"Feb 09, 2026"
CAND-0027,Nisha Sharma,nisha.sharma27@proton.me,(700) 021-3813,IBM,Full Stack Engineer,13,B.E.,IIT Madras,,"Kubernetes, Power BI, MongoDB, PostgreSQL","Django, Docker, SQL, FastAPI",Delhi NCR,Bengaluru,21.2,31.9,45,https://www.linkedin.com/in/nisha-sharma-27,https://github.com/nishasharma27,Interested in product engineering roles.,03/29/2026
CAND-0028,Aarav Verma,aarav_verma28@yahoo.com,+91 70002 21732,Oracle,BI Analyst,10,B.E.,IIT Madras,2013,"React, MongoDB, Docker, PostgreSQL","Spring Boot, Kubernetes",Hyderabad,Coimbatore,31.9,37.8,45,https://www.linkedin.com/in/aarav-verma-28,https://github.com/aaravverma28,Open to Bengaluru and Chennai.,"Sep 21, 2024"
CAND-0029,Aarav Narayanan, aarav_narayanan29@gmail.com ,+91 70002 29651,Freshworks,Software Engineer,6,M.Sc Computer Science,SRM,2018,"Python, SQL, PostgreSQL, Django, Power BI","MongoDB, FastAPI",Pune,Delhi NCR,14.7,17.3,30,https://www.linkedin.com/in/aarav-narayanan-29,https://github.com/aaravnarayanan29,Open to Bengaluru and Chennai.,12/18/2024
CAND-0030,Nisha R. Subramanian,nishasubramanian24+alt30@outlook.com,7000190056,Infosys,Backend Engineer,11,B.Tech,NIT Trichy,2011,"SQL, AWS, Django","PostgreSQL, PyTorch",Bengaluru,Coimbatore,32.8,49.4,45,https://www.linkedin.com/in/nisha-subramanian-24,https://github.com/nishasubramanian24,Possible duplicate from alternate recruiter intake.,14-Dec-2024
CAND-0031,Rohan R. Verma,rohan_verma4+alt31@yahoo.com,7000031676,Wipro,Data Engineer,4,M.Tech,VIT,2018,"Docker, React, FastAPI, MongoDB, Django","SQL, PostgreSQL, Kubernetes, TensorFlow",Mumbai,Pune,31.6,41.3,0,https://www.linkedin.com/in/rohan-verma-4,https://github.com/rohanverma4,Possible duplicate from alternate recruiter intake.,05/15/2025
CAND-0032,Isha Subramanian,ishasubramanian32@proton.me,07000253408,Accenture India,Frontend Developer,2,B.E.,Anna University,2023,"Java, Power BI, SQL","MongoDB, PyTorch, React",Mumbai,Delhi NCR,29.1,43.1,30,https://www.linkedin.com/in/isha-subramanian-32,https://github.com/ishasubramanian1,Strong system design fundamentals.,"Sep 03, 2025"
CAND-0033,Meera Narayanan,meera.narayanan33@yahoo.com,,Amazon,DevOps Engineer,3,MCA,SRM,2020,"TensorFlow, SQL, Kubernetes, Docker","AWS, MongoDB, FastAPI",Coimbatore,Pune,34.6,53.2,60,https://www.linkedin.com/in/meera-narayanan-33,https://github.com/meeranarayanan2,"Good communication, prefers backend work.","May 15, 2026"
CAND-0034,Isha K. Srinivasan,isha_srinivasan22+alt34@outlook.com,(700) 026-9246,TCS,Backend Engineer,10,M.Sc Computer Science,NIT Trichy,2012,"FastAPI, PostgreSQL, Django","Power BI, MongoDB, Docker",Coimbatore,Coimbatore,28.2,37.0,90,https://www.linkedin.com/in/isha-srinivasan-22,https://github.com/ishasrinivasan22,Possible duplicate from alternate recruiter intake.,28/05/2025
CAND-0035,Nisha Reddy,nisha.reddy35@proton.me,+91-70002-77165,IBM,Full Stack Engineer,6,MCA,NIT Trichy,2016,"Kubernetes, Python, PostgreSQL, Django","Spring Boot, TensorFlow",Coimbatore,Chennai,16.9,23.5,0,https://www.linkedin.com/in/nisha-reddy-35,https://github.com/nishareddy4,Open to Bengaluru and Chennai.,"Feb 11, 2025"
CAND-0036,Meera M. M. Menon,meeramenon11+alt16+alt36@outlook.com,07000126704,Bluestock,Engineering Manager,11,B.Tech,IIIT Hyderabad,2011,"Django, Python, TensorFlow, Power BI","Java, Docker, PostgreSQL, SQL",Chennai,Coimbatore,34.0,41.2,15,https://www.linkedin.com/in/meera-menon-11,https://github.com/meeramenon11,Possible duplicate from alternate recruiter intake.,15-Feb-2026
CAND-0037,Nisha Patel,nishapatel37@hotmail.com,"7000293003, +91-70082-12003",Freshworks,Data Engineer,7,M.Tech,SRM,2016,"Power BI, Docker, FastAPI, SQL","Django, Java, PostgreSQL",Bengaluru,Delhi NCR,44.9,61.5,45,https://www.linkedin.com/in/nisha-patel-37,https://github.com/nishapatel6,Open to Bengaluru and Chennai.,02/23/2026
CAND-0038,  Vikram Iyer  ,vikramiyer38@proton.me,+91 70003 00922,TCS,Frontend Developer,5,B.Tech,SSN,2018,"Power BI, Kubernetes, React","Python, PostgreSQL, PyTorch",Mumbai,Hyderabad,14.9,18.2,45,https://www.linkedin.com/in/vikram-iyer-38,https://github.com/vikramiyer7,Needs compensation discussion.,24-Sep-2025
CAND-0039,Ishaan Sharma,,7000308841,Cisco,Cloud Engineer,2,M.Sc Computer Science,IIT Madras,2021,"TensorFlow, PyTorch, MongoDB","React, PostgreSQL",Mumbai,Mumbai,38.1,49.9,60,https://www.linkedin.com/in/ishaan-sharma-39,https://github.com/ishaansharma8,Interested in product engineering roles.,"Dec 17, 2025"
CAND-0040,Meera Verma,meera.verma40@outlook.com,+91 70003 16760,Zoho,Full Stack Engineer,14,M.Sc Computer Science,Anna University,2011,"TensorFlow, Python, PostgreSQL, Power BI, Java","Spring Boot, AWS",Bengaluru,Chennai,29.0,38.3,45,https://www.linkedin.com/in/meera-verma-40,https://github.com/meeraverma9,Needs compensation discussion.,06/05/2026
CAND-0041,Nisha Menon,nisha_menon41@outlook.com,+91 70003 24679,Google,Frontend Developer,5,B.Tech,SSN,2019,"Java, PyTorch, Django, FastAPI","MongoDB, AWS, TensorFlow, React",Bengaluru,Coimbatore,33.6,48.1,30,https://www.linkedin.com/in/nisha-menon-41,https://github.com/nishamenon10,"Good communication, prefers backend work.",02-Feb-2026
CAND-0042,Meera Iyer,meeraiyer42@hotmail.com,+91 70003 32598,Zoho,Full Stack Engineer,12,M.Sc Computer Science,SSN,2013,,"Kubernetes, AWS, React",Coimbatore,Delhi NCR,21.7,27.3,30,https://www.linkedin.com/in/meera-iyer-42,https://github.com/meeraiyer11,"Good communication, prefers backend work.",10/08/2024
CAND-0043,Rohan R. R. Verma,rohan_verma4+alt31+alt43@yahoo.com,(700) 003-1676,Wipro,Data Engineer,4,M.Tech,VIT,2018,"Docker, React, FastAPI, MongoDB, Django","SQL, PostgreSQL, Kubernetes, TensorFlow",Mumbai,Pune,31.6,41.3,0,https://www.linkedin.com/in/rohan-verma-4,https://github.com/rohanverma4,Possible duplicate from alternate recruiter intake.,10/04/2025
CAND-0044,Aishwarya Subramanian,aishwarya.subramanian44@yahoo.com,,Bluestock,Cloud Engineer,2,B.E.,BITS Pilani,2023,"PyTorch, Java, React, Spring Boot","Power BI, Docker, TensorFlow",Chennai,Coimbatore,24.3,31.9,45,https://www.linkedin.com/in/aishwarya-subramanian-44,https://github.com/aishwaryasubramanian13,"Good communication, prefers backend work.",07/01/2024
CAND-0045,Meera Subramanian,meera.subramanian45@hotmail.com,7000356355,Google,Frontend Developer,9,M.Tech,VIT,2013,"Docker, SQL, Python, Django, FastAPI","Spring Boot, Kubernetes, Power BI, TensorFlow",Hyderabad,Mumbai,20.1,29.2,0,https://www.linkedin.com/in/meera-subramanian-45,https://github.com/meerasubramanian14,"Good communication, prefers backend work.",2025-08-21
CAND-0046,Karthi Kulkarni,karthik_kulkarni46@hotmail.com,+91 70003 64274,Wipro,Senior Software Engineer,8,M.Tech,IIT Madras,2014,"Docker, Power BI, FastAPI","PostgreSQL, Spring Boot, Kubernetes, TensorFlow",Bengaluru,Mumbai,42.9,60.4,60,https://www.linkedin.com/in/karthik-kulkarni-46,https://github.com/karthikkulkarni15,Actively interviewing with multiple companies.,2024-11-16
CAND-0047,Rahul Chakraborty,rahul_chakraborty47@yahoo.com,+91-70003-72193,Infosys,DevOps Engineer,6,B.E.,IIIT Hyderabad,2016,"FastAPI, Power BI, PostgreSQL","PyTorch, SQL, Kubernetes, React",Coimbatore,Mumbai,42.4,57.4,45,https://www.linkedin.com/in/rahul-chakraborty-47,https://github.com/rahulchakraborty16,Needs compensation discussion.,25/05/2025
CAND-0048,Karthik Rao,karthik_rao48@gmail.com,7000380112,ORCL,Frontend Developer,14,M.Sc Computer Science,NIT Trichy,2009,"Docker, Power BI, SQL, AWS, MongoDB","React, TensorFlow, Python, Java",Chennai,Delhi NCR,36.2,42.3,15,https://www.linkedin.com/in/karthik-rao-48,https://github.com/karthikrao17,Needs compensation discussion.,01/05/2026
CAND-0049,Ananya Rao,ananyarao49@yahoo.com,+91 70003 88031,Accenture,DevOps Engineer,11,M.Tech,Anna University,2014,"MongoDB, Kubernetes, AWS, Spring Boot, PyTorch","Power BI, SQL, Python, FastAPI",Pune,Chennai,9.1,11.7,90,https://www.linkedin.com/in/ananya-rao-49,https://github.com/ananyarao18,Actively interviewing with multiple companies.,"Oct 10, 2024"
CAND-0050,Ishaan Narayanan,ishaannarayanan50@proton.me,7000395950,Cisco,Software Engineer,1,M.Sc Computer Science,SRM,2023,"Spring Boot, AWS, React, Django","PyTorch, MongoDB, FastAPI, SQL",Pune,Mumbai,18.7,21.9,15,https://www.linkedin.com/in/ishaan-narayanan-50,https://github.com/ishaannarayanan19,Interested in product engineering roles.,15-Oct-2025
CAND-0051,MEERA MENON,meera_menon51@proton.me,+91 70004 03869,Bluestock,Software Engineer,13,B.Tech,SRM,2010,"React, Java, Docker, Spring Boot, TensorFlow","Power BI, Kubernetes, SQL",Pune,Mumbai,24.1,30.5,30,https://www.linkedin.com/in/meera-menon-51,https://github.com/meeramenon20,"Good communication, prefers backend work.",28-Apr-2025
CAND-0052,Aarav Kulkarni,,+91 70004 11788,Bluestock,DevOps Engineer,5,M.Tech,Anna University,2019,"Python, TensorFlow, Power BI, Docker, FastAPI","PostgreSQL, Kubernetes",Delhi NCR,Delhi NCR,6.3,9.4,0,https://www.linkedin.com/in/aarav-kulkarni-52,https://github.com/aaravkulkarni21,Open to Bengaluru and Chennai.,2025-09-24
CAND-0053,Aishwarya Krishnan,aishwarya_krishnan53@yahoo.com,07000419707,Accenture,Backend Engineer,2,B.E.,Anna University,2022,"React, Django, PostgreSQL, Kubernetes","Power BI, MongoDB, AWS",Pune,Chennai,41.5,53.1,15,https://www.linkedin.com/in/aishwarya-krishnan-53,https://github.com/aishwaryakrishnan22,Interested in product engineering roles.,"May 23, 2026"
CAND-0054,Sneha Krishnan,snehakrishnan54@hotmail.com,7000427626,Microsoft,DevOps Engineer,1,B.E.,SRM,,"PyTorch, Power BI, PostgreSQL, FastAPI","Docker, AWS, Java, Django",Delhi NCR,Chennai,16.3,19.6,90,https://www.linkedin.com/in/sneha-krishnan-54,https://github.com/snehakrishnan23,Needs compensation discussion.,17-Jun-2026
CAND-0055,Kavya Iyer,kavyaiyer55@outlook.com,,Amazon,Software Engineer,1,MCA,Anna University,2021,"Django, Kubernetes, React","PyTorch, Docker, Power BI",Coimbatore,Pune,17.9,24.1,60,https://www.linkedin.com/in/kavya-iyer-55,https://github.com/kavyaiyer24,Needs compensation discussion.,2025-04-12
CAND-0056,Diya Reddy,diyareddy56@outlook.com,7000443464,Zoho,Cloud Engineer,4,M.Sc Computer Science,SSN,2018,"Spring Boot, Kubernetes, PyTorch, PostgreSQL, Python","AWS, FastAPI, React",Chennai,Coimbatore,39.4,46.9,30,https://www.linkedin.com/in/diya-reddy-56,https://github.com/diyareddy25,Interested in product engineering roles.,11/05/2024
CAND-0057,  Rohan Iyer  ,rohan.iyer57@gmail.com,+91 70004 51383,TCS,Engineering Manager,4,M.Tech,SSN,2019,"Spring Boot, SQL, React","Python, AWS, Django, Power BI",Hyderabad,Coimbatore,28.9,42.6,15,https://www.linkedin.com/in/rohan-iyer-57,https://github.com/rohaniyer26,"Good communication, prefers backend work.",2025-05-27
CAND-0058,Ishaan Menon,ishaan.menon58@yaho.com,+91-70004-59302,Google,Backend Engineer,12,B.Tech,IIIT Hyderabad,2010,"Docker, PostgreSQL, SQL","TensorFlow, PyTorch, Java",Hyderabad,Pune,22.4,26.8,90,https://www.linkedin.com/in/ishaan-menon-58,https://github.com/ishaanmenon27,Strong system design fundamentals.,"Aug 31, 2024"
CAND-0059,Arjun Gupta,arjungupta59@yahoo.com,+91-70004-67221,Accenture,Cloud Engineer,2,MCA,IIIT Hyderabad,2020,"Java, React, FastAPI","MongoDB, SQL, Power BI, Kubernetes",Mumbai,Pune,41.1,52.6,0,https://www.linkedin.com/in/arjun-gupta-59,https://github.com/arjungupta28,Actively interviewing with multiple companies.,10/25/2024
CAND-0060,Rohan Subramanian,rohan.subramanian60@gmail.com,(700) 047-5140,Zoho,Frontend Developer,7,B.Tech,Anna University,2017,"Power BI, Java, Spring Boot, AWS","PostgreSQL, Docker, Kubernetes",Pune,Chennai,19.2,25.6,90,https://www.linkedin.com/in/rohan-subramanian-60,https://github.com/rohansubramanian29,Actively interviewing with multiple companies.,16/07/2025
CAND-0061,Sneha Sharma,snehasharma61@outlook.com,+91-70004-83059,Salesforce,Engineering Manager,9,M.Tech,NIT Trichy,2016,"MongoDB, PyTorch, SQL, AWS","Python, FastAPI, Power BI, Spring Boot",Bengaluru,Coimbatore,18.9,22.7,0,https://www.linkedin.com/in/sneha-sharma-61,https://github.com/snehasharma30,Open to Bengaluru and Chennai.,20-Jan-2026
CAND-0062,Arjun Chakraborty,arjun_chakraborty62@gmail.com,7000490,Cisco,BI Analyst,4,M.Tech,VIT,2019,"TensorFlow, PyTorch, MongoDB, Kubernetes, Python","Spring Boot, Java, Django, Power BI",Mumbai,Delhi NCR,37.5,55.8,45,https://www.linkedin.com/in/arjun-chakraborty-62,https://github.com/arjunchakraborty0,Strong system design fundamentals.,2024-11-22
CAND-0063,Karthi Rao,karthik_rao48+alt63@gmail.com,+91-70003-80112,Adobe,Frontend Developer,14,M.Sc Computer Science,NIT Trichy,2009,"Docker, Power BI, SQL, AWS, MongoDB","React, TensorFlow, Python, Java",Chennai,Delhi NCR,36.2,42.3,15,https://www.linkedin.com/in/karthik-rao-48,https://github.com/karthikrao17,Possible duplicate from alternate recruiter intake.,"Jul 20, 2025"
CAND-0064,Meera Krishnan,meerakrishnan64@proton.me,(700) 050-6816,AMZN,Data Engineer,5,MCA,PSG,2017,"TensorFlow, Java, Python, React, Power BI","Django, FastAPI, Docker, AWS",Bengaluru,Coimbatore,34.1,49.8,60,https://www.linkedin.com/in/meera-krishnan-64,https://github.com/meerakrishnan2,Strong system design fundamentals.,"Jun 18, 2025"
CAND-0065,Aishu Subramanian,aishwarya.subramanian44+alt65@yahoo.com,+91-70005-14735,Zoho,Cloud Engineer,2,B.E.,BITS Pilani,2023,"PyTorch, Java, React, Spring Boot","Power BI, Docker, TensorFlow",Chennai,Coimbatore,24.3,31.9,45,https://www.linkedin.com/in/aishwarya-subramanian-44,https://github.com/aishwaryasubramanian13,Possible duplicate from alternate recruiter intake.,21-Dec-2025
CAND-0066,Vivaan Reddy,vivaanreddy66@proton.me,,Oracle,BI Analyst,1,M.Tech,VIT,2024,"SQL, React, PostgreSQL","Spring Boot, AWS, Java",Pune,Mumbai,6.3,8.0,90,https://www.linkedin.com/in/vivaan-reddy-66,https://github.com/vivaanreddy4,Interested in product engineering roles.,11/24/2025
CAND-0067,Diya Iyer,diya_iyer67@outlook.com,7000530573,Oracle,Software Engineer,7,M.Sc Computer Science,NIT Trichy,2015,"TensorFlow, AWS, PostgreSQL, MongoDB","SQL, Docker, FastAPI, Java",Coimbatore,Delhi NCR,6.7,10.2,30,https://www.linkedin.com/in/diya-iyer-67,https://github.com/diyaiyer5,Strong system design fundamentals.,2025-09-20
CAND-0068,KARTHIK SUBRAMANIAN,karthiksubramanian68@outlook.com,07000538492,Salesforce,DevOps Engineer,9,M.Tech,Anna University,2014,"Spring Boot, Django, PostgreSQL, React, Java","FastAPI, SQL, Docker, PyTorch",Bengaluru,Hyderabad,9.1,13.6,15,https://www.linkedin.com/in/karthik-subramanian-68,https://github.com/karthiksubramanian6,Interested in product engineering roles.,08/03/2026
CAND-0069,Adi Nair,aditya_nair69@yahoo.com,(700) 054-6411,Infosys,Cloud Engineer,8,B.E.,SSN,2017,"PyTorch, TensorFlow, PostgreSQL, SQL","Spring Boot, MongoDB, React, Docker",Hyderabad,Mumbai,35.4,51.5,0,https://www.linkedin.com/in/aditya-nair-69,https://github.com/adityanair7,Open to Bengaluru and Chennai.,"Oct 15, 2025"
CAND-0070,Ishaan K. Chakraborty,ishaan_chakraborty5+alt70@outlook.com,07000039595,TCS,DevOps Engineer,10,MCA,SSN,2015,"Kubernetes, FastAPI, PostgreSQL, Python","React, Power BI, AWS, Docker",Delhi NCR,Delhi NCR,8.5,11.1,30,https://www.linkedin.com/in/ishaan-chakraborty-5,https://github.com/ishaanchakraborty5,Possible duplicate from alternate recruiter intake.,2025-04-19
CAND-0071,Aditya Rao,aditya_rao71@gmail.com,7000562249,Salesforce,Engineering Manager,7,B.E.,Anna University,2017,"PostgreSQL, Python, Docker, TensorFlow, PyTorch","AWS, Power BI",Mumbai,Delhi NCR,24.0,32.9,15,https://www.linkedin.com/in/aditya-rao-71,https://github.com/adityarao9,Strong system design fundamentals.,"Mar 10, 2025"
CAND-0072,Meera Patel,meerapatel72@proton.me,+91-70005-70168,Freshworks,BI Analyst,3,B.E.,PSG,2022,"AWS, SQL, Spring Boot, PyTorch","Python, Docker, Java, MongoDB",Delhi NCR,Coimbatore,20.2,30.6,90,https://www.linkedin.com/in/meera-patel-72,https://github.com/meerapatel10,"Good communication, prefers backend work.",30-Nov-2024
CAND-0073,Aditya Rao,aditya.rao73@proton.me,+91-70005-78087,Bluestock,Backend Engineer,6,M.Sc Computer Science,BITS Pilani,2018,"AWS, React, TensorFlow, Power BI, Java","MongoDB, PyTorch, Kubernetes",Chennai,Hyderabad,18.1,25.6,30,https://www.linkedin.com/in/aditya-rao-73,https://github.com/adityarao11,Interested in product engineering roles.,04-Feb-2025
CAND-0074,Nisha Reddy,nisha.reddy74@outlook.com,"+91 70005 86006, (700) 850-5006",Adobe,Backend Engineer,3,M.Sc Computer Science,VIT,2019,"Kubernetes, SQL, PostgreSQL","TensorFlow, Python, Spring Boot, React",Delhi NCR,Pune,9.0,13.4,0,https://www.linkedin.com/in/nisha-reddy-74,https://github.com/nishareddy12,Needs compensation discussion.,08/07/2025
CAND-0075,Pooja Menon,poojamenon75@proton.me,+91-70005-93925,Infosys,Cloud Engineer,4,M.Tech,SRM,2018,"PostgreSQL, MongoDB, Django, Spring Boot","Power BI, TensorFlow, SQL, AWS",Coimbatore,Mumbai,26.8,34.1,15,https://www.linkedin.com/in/pooja-menon-75,https://github.com/poojamenon13,Open to Bengaluru and Chennai.,"Aug 22, 2024"
CAND-0076,  Diya Patel  ,diya_patel76@yahoo.com,+91 70006 01844,Wipro,Senior Software Engineer,12,B.Tech,IIT Madras,2013,"Java, SQL, React, FastAPI","Power BI, Spring Boot, TensorFlow",Chennai,Pune,39.0,58.1,60,https://www.linkedin.com/in/diya-patel-76,https://github.com/diyapatel14,Open to Bengaluru and Chennai.,"Feb 26, 2025"
CAND-0077,Aditya Krishnan,aditya.krishnan77@gmail.com,,Adobe,Software Engineer,6,B.Tech,PSG,2016,"Spring Boot, SQL, React, MongoDB, Python","PyTorch, FastAPI, PostgreSQL",Bengaluru,Coimbatore,42.3,62.8,15,https://www.linkedin.com/in/aditya-krishnan-77,https://github.com/adityakrishnan15,"Good communication, prefers backend work.",03/15/2026
CAND-0078,Kavi Iyer,kavyaiyer55+alt78@outlook.com,7000617682,Infosys,Software Engineer,1,MCA,Anna University,2021,"Django, Kubernetes, React","PyTorch, Docker, Power BI",Coimbatore,Pune,17.9,24.1,60,https://www.linkedin.com/in/kavya-iyer-55,https://github.com/kavyaiyer24,Possible duplicate from alternate recruiter intake.,21/04/2025
CAND-0079,Vikram Iyer,vikram_iyer79@gmail.com,07000625601,Google,Frontend Developer,7,M.Sc Computer Science,BITS Pilani,2017,"Java, MongoDB, Docker","PyTorch, Python, PostgreSQL, FastAPI",Bengaluru,Mumbai,30.9,43.2,45,https://www.linkedin.com/in/vikram-iyer-79,https://github.com/vikramiyer17,Interested in product engineering roles.,2026-05-11
CAND-0080,Priya Krishnan,priya_krishnan80@outlook.com,7000633520,Microsoft,Engineering Manager,9,B.Tech,BITS Pilani,2014,"Python, AWS, Docker, PostgreSQL, PyTorch","Kubernetes, Spring Boot, Java",Bengaluru,Chennai,25.8,39.9,30,https://www.linkedin.com/in/priya-krishnan-80,https://github.com/priyakrishnan18,"Good communication, prefers backend work.",11/06/2025
CAND-0081,Meera Narayanan,meera_narayanan81@hotmail.com,+91-70006-41439,Zoho,Backend Engineer,13,MCA,PSG,,"Python, FastAPI, Django, PostgreSQL","Java, Kubernetes",Chennai,Coimbatore,11.3,16.2,90,https://www.linkedin.com/in/meera-narayanan-81,https://github.com/meeranarayanan19,Interested in product engineering roles.,18-Apr-2025
CAND-0082,Vivaan Kulkarni,vivaan_kulkarni82@gmail.com,+91-70006-49358,Bluestock,Data Engineer,5,MCA,Anna University,2018,"Power BI, Docker, AWS, Spring Boot","PyTorch, PostgreSQL",Pune,Mumbai,10.9,14.1,15,https://www.linkedin.com/in/vivaan-kulkarni-82,https://github.com/vivaankulkarni20,"Good communication, prefers backend work.",26-Apr-2025
CAND-0083,Arjun Iyer,arjuniyer83@gmail.com,07000657277,IBM,Full Stack Engineer,5,B.Tech,IIT Madras,2017,"Power BI, Docker, Spring Boot","Python, AWS, SQL",Hyderabad,Mumbai,23.4,33.6,90,https://www.linkedin.com/in/arjun-iyer-83,https://github.com/arjuniyer21,Actively interviewing with multiple companies.,2024-12-10
CAND-0084,Sai Kulkarni,saikulkarni84@outlook.com,7000665196,Salesforce,Cloud Engineer,1,M.Sc Computer Science,BITS Pilani,2021,,"Django, Power BI, Kubernetes, MongoDB",Pune,Hyderabad,10.9,13.6,90,https://www.linkedin.com/in/sai-kulkarni-84,https://github.com/saikulkarni22,Open to Bengaluru and Chennai.,2025-03-12
CAND-0085,AARAV NARAYANAN,aarav.narayanan85@outlook.com,+91 70006 73115,Amazon,Cloud Engineer,9,B.Tech,NIT Trichy,2013,"SQL, FastAPI, Power BI, Docker","MongoDB, Spring Boot",Bengaluru,Delhi NCR,21.1,29.0,45,https://www.linkedin.com/in/aarav-narayanan-85,https://github.com/aaravnarayanan23,Strong system design fundamentals.,29-May-2026
CAND-0086,Diya Narayanan,diya.narayanan86@outlook.com,+91 70006 81034,Microsoft,Engineering Manager,9,MCA,SSN,2016,"Power BI, PostgreSQL, MongoDB","React, Spring Boot, Kubernetes, Django",Hyderabad,Mumbai,17.3,22.0,60,https://www.linkedin.com/in/diya-narayanan-86,https://github.com/diyanarayanan24,Open to Bengaluru and Chennai.,10/21/2025
CAND-0087,Sai Rao,sai_rao87hotmail.com,(700) 068-8953,Wipro,Senior Software Engineer,2,B.E.,VIT,2023,"Docker, Kubernetes, AWS, SQL, TensorFlow","React, Spring Boot",Coimbatore,Coimbatore,18.1,28.1,60,https://www.linkedin.com/in/sai-rao-87,https://github.com/sairao25,Actively interviewing with multiple companies.,21/02/2026
CAND-0088,Kavya Patel,kavya_patel88@outlook.com,,Wipro,Software Engineer,14,M.Sc Computer Science,PSG,2009,"React, Spring Boot, Power BI","Docker, PyTorch",Bengaluru,Delhi NCR,10.8,13.1,30,https://www.linkedin.com/in/kavya-patel-88,https://github.com/kavyapatel26,"Good communication, prefers backend work.",2025-12-28
CAND-0089,Priya Srinivasan,priyasrinivasan89@proton.me,+91 70007 04791,Amazon,BI Analyst,10,M.Sc Computer Science,SSN,2013,"PostgreSQL, TensorFlow, Spring Boot, MongoDB, Python","React, Java",Pune,Delhi NCR,12.0,17.0,60,https://www.linkedin.com/in/priya-srinivasan-89,https://github.com/priyasrinivasan27,Open to Bengaluru and Chennai.,18-Apr-2026
CAND-0090,Nisha Reddy,nishareddy90@yahoo.com,07000712710,Infosys,DevOps Engineer,5,B.E.,IIT Madras,2019,"Docker, AWS, PostgreSQL","Django, Spring Boot, Power BI",Bengaluru,Coimbatore,23.7,33.8,30,https://www.linkedin.com/in/nisha-reddy-90,https://github.com/nishareddy28,"Good communication, prefers backend work.",2026-01-26
CAND-0091,Ananya Reddy,,+91 70007 20629,Zoho,Senior Software Engineer,5,M.Sc Computer Science,NIT Trichy,2018,"FastAPI, AWS, TensorFlow","Django, React, Docker",Pune,Hyderabad,23.5,28.3,45,https://www.linkedin.com/in/ananya-reddy-91,https://github.com/ananyareddy29,Strong system design fundamentals.,"Sep 30, 2024"
CAND-0092,Pri Gupta,priya.gupta92@yahoo.com,(700) 072-8548,Adobe,Frontend Developer,10,B.E.,IIT Madras,2015,"TensorFlow, MongoDB, PyTorch, SQL","FastAPI, Kubernetes, Python",Hyderabad,Chennai,19.8,23.2,45,https://www.linkedin.com/in/priya-gupta-92,https://github.com/priyagupta30,Strong system design fundamentals.,02/03/2026
CAND-0093,Rohan Krishnan,rohan_krishnan93@hotmail.com,7000736,Freshworks,Full Stack Engineer,2,B.E.,VIT,2020,"FastAPI, MongoDB, TensorFlow, PyTorch, SQL","React, Java",Bengaluru,Mumbai,21.1,28.1,60,https://www.linkedin.com/in/rohan-krishnan-93,https://github.com/rohankrishnan0,Needs compensation discussion.,2025-11-24
CAND-0094,Vivaan Nair,vivaannair94@hotmail.com,+91-70007-44386,Accenture,Data Engineer,13,MCA,PSG,2010,"PostgreSQL, Kubernetes, React, Spring Boot, TensorFlow","Django, PyTorch, AWS",Pune,Coimbatore,24.5,32.7,0,https://www.linkedin.com/in/vivaan-nair-94,https://github.com/vivaannair1,Open to Bengaluru and Chennai.,2025-06-04
CAND-0095,  Kavya Rao  ,kavya.rao95@hotmail.com,+91 70007 52305,Cisco,Software Engineer,10,B.Tech,SRM,2014,"TensorFlow, Django, Power BI, Python, PostgreSQL","FastAPI, SQL, Kubernetes",Chennai,Pune,24.5,37.7,30,https://www.linkedin.com/in/kavya-rao-95,https://github.com/kavyarao2,Needs compensation discussion.,"Dec 02, 2024"
CAND-0096,Rohan Subramanian,rohan_subramanian96@yahoo.com,+91-70007-60224,Freshworks,BI Analyst,8,M.Tech,NIT Trichy,2014,"Power BI, React, Kubernetes","PyTorch, AWS",Mumbai,Hyderabad,40.0,57.8,60,https://www.linkedin.com/in/rohan-subramanian-96,https://github.com/rohansubramanian3,Open to Bengaluru and Chennai.,23-May-2026
CAND-0097,Rohan Reddy,rohan.reddy0@hotmail.com,07000768143,Cisco,Engineering Manager,5,M.Sc Computer Science,IIT Madras,2018,"SQL, FastAPI, Power BI, Django","TensorFlow, Docker, PostgreSQL, MongoDB",Pune,Coimbatore,14.8,22.8,30,https://www.linkedin.com/in/rohan-reddy-97,https://github.com/rohanreddy4,Interested in product engineering roles.,2025-04-23
CAND-0098,Vikram Narayanan,vikramnarayanan1@hotmail.com,+91-70007-76062,Microsoft,Data Engineer,8,M.Tech,SRM,2017,"Django, MongoDB, Kubernetes","PyTorch, Spring Boot, React",Chennai,Delhi NCR,31.6,45.8,60,https://www.linkedin.com/in/vikram-narayanan-98,https://github.com/vikramnarayanan5,Interested in product engineering roles.,14/04/2026
CAND-0099,Vivaan Iyer,vivaan_iyer2@yahoo.com,,Oracle,Data Engineer,12,B.Tech,Anna University,2012,"Python, Kubernetes, React","MongoDB, PyTorch, PostgreSQL",Delhi NCR,Mumbai,24.4,34.7,15,https://www.linkedin.com/in/vivaan-iyer-99,https://github.com/vivaaniyer6,"Good communication, prefers backend work.",07/08/2024
CAND-0100,Kavya Verma,kavya_verma3@proton.me,07000791900,TCS,Backend Engineer,1,M.Sc Computer Science,IIIT Hyderabad,2024,"React, Power BI, FastAPI, Python","Docker, MongoDB",Pune,Bengaluru,44.9,58.8,60,https://www.linkedin.com/in/kavya-verma-100,https://github.com/kavyaverma7,Needs compensation discussion.,05/04/2025
CAND-0101,Arjun Krishnan,arjun_krishnan4@gmail.com,+91-70007-99819,Amazon,Cloud Engineer,11,MCA,Anna University,2011,"Spring Boot, SQL, FastAPI, TensorFlow, PyTorch","React, Kubernetes",Bengaluru,Bengaluru,16.0,19.6,45,https://www.linkedin.com/in/arjun-krishnan-101,https://github.com/arjunkrishnan8,Open to Bengaluru and Chennai.,2025-03-11
CAND-0102,RAHUL SUBRAMANIAN,rahul.subramanian5@proton.me,07000807738,Adobe,Cloud Engineer,13,M.Sc Computer Science,PSG,2009,"Power BI, TensorFlow, Python, FastAPI, PyTorch","Spring Boot, Java, React",Delhi NCR,Chennai,16.4,21.0,90,https://www.linkedin.com/in/rahul-subramanian-102,https://github.com/rahulsubramanian9,Open to Bengaluru and Chennai.,07/11/2025
CAND-0103,Karthik Reddy,karthikreddy6@yahoo.com,+91-70008-15657,Amazon,Cloud Engineer,3,B.Tech,Anna University,2019,"AWS, Power BI, Kubernetes, Docker","PostgreSQL, Django, MongoDB, Java",Chennai,Coimbatore,23.7,36.6,60,https://www.linkedin.com/in/karthik-reddy-103,https://github.com/karthikreddy10,"Good communication, prefers backend work.",01/23/2025
CAND-0104,Sneha Nair,,(700) 082-3576,Amazon,Data Engineer,14,MCA,NIT Trichy,2011,"Power BI, TensorFlow, Docker","PyTorch, Kubernetes",Mumbai,Chennai,26.3,31.5,60,https://www.linkedin.com/in/sneha-nair-104,https://github.com/snehanair11,Needs compensation discussion.,19-May-2026
CAND-0105,Aarav Subramanian,aarav_subramanian8@outlook.com,07000831495,Cisco,Software Engineer,12,M.Tech,IIT Madras,2013,,"React, PyTorch",Hyderabad,Pune,14.5,17.1,45,https://www.linkedin.com/in/aarav-subramanian-105,https://github.com/aaravsubramanian12,Needs compensation discussion.,2025-07-19
CAND-0106,Sneha Nair,sneha.nair9@proton.me,+91 70008 39414,Bluestock,Data Engineer,2,B.E.,VIT,2020,"React, Power BI, Django, Python, MongoDB","PyTorch, SQL, TensorFlow",Hyderabad,Bengaluru,13.0,17.7,90,https://www.linkedin.com/in/sneha-nair-106,https://github.com/snehanair13,Strong system design fundamentals.,"Aug 01, 2024"
CAND-0107,Pooja Chakraborty,poojachakraborty10@outlook.com,+91 70008 47333,Wipro,Software Engineer,4,B.Tech,VIT,2018,"Docker, TensorFlow, PyTorch","Python, Django, PostgreSQL, AWS",Mumbai,Hyderabad,14.0,16.7,15,https://www.linkedin.com/in/pooja-chakraborty-107,https://github.com/poojachakraborty14,Actively interviewing with multiple companies.,09-Feb-2026
CAND-0108,Aishwarya Rao,aishwarya_rao11@gmail.com,+91-70008-55252,Infosys,Data Engineer,4,B.E.,IIT Madras,,"Kubernetes, Django, AWS, FastAPI, Power BI","MongoDB, React",Coimbatore,Mumbai,17.8,21.5,30,https://www.linkedin.com/in/aishwarya-rao-108,https://github.com/aishwaryarao15,Actively interviewing with multiple companies.,"Aug 30, 2025"
CAND-0109,Sai Menon,saimenon12@hotmail.com,(700) 086-3171,Oracle,Backend Engineer,13,M.Tech,IIT Madras,2009,"FastAPI, MongoDB, Power BI","Kubernetes, Python",Bengaluru,Hyderabad,27.0,33.7,15,https://www.linkedin.com/in/sai-menon-109,https://github.com/saimenon16,Open to Bengaluru and Chennai.,2026-04-23
CAND-0110,Meera Kulkarni,meera.kulkarni13@yahoo.com,,IBM,Senior Software Engineer,9,B.E.,SSN,2015,"AWS, PyTorch, TensorFlow, SQL","Java, Django",Bengaluru,Bengaluru,34.3,42.1,90,https://www.linkedin.com/in/meera-kulkarni-110,https://github.com/meerakulkarni17,Strong system design fundamentals.,02/11/2025
CAND-0111,Pooja Narayanan,pooja.narayanan14@proton.me,"(700) 087-9009, +91 70087 98009",Adobe,DevOps Engineer,4,B.E.,SRM,2018,"Docker, Kubernetes, PyTorch, Spring Boot","FastAPI, AWS, SQL",Hyderabad,Hyderabad,27.5,40.2,45,https://www.linkedin.com/in/pooja-narayanan-111,https://github.com/poojanarayanan18,Strong system design fundamentals.,27/01/2026
CAND-0112,Aarav Menon,aaravmenon15@proton.me,(700) 088-6928,Freshworks,BI Analyst,10,MCA,VIT,2013,"Spring Boot, Django, AWS","FastAPI, PyTorch, Power BI, Kubernetes",Delhi NCR,Coimbatore,34.1,43.2,30,https://www.linkedin.com/in/aarav-menon-112,https://github.com/aaravmenon19,Interested in product engineering roles.,11/20/2024
CAND-0113,Sneha Srinivasan,sneha_srinivasan16@yahoo.com,+91-70008-94847,Google,Engineering Manager,1,B.Tech,NIT Trichy,2023,"Python, SQL, PostgreSQL, AWS, React","Spring Boot, Django, FastAPI, Java",Delhi NCR,Pune,38.7,45.7,0,https://www.linkedin.com/in/sneha-srinivasan-113,https://github.com/snehasrinivasan20,Strong system design fundamentals.,12/26/2025
CAND-0114,  Kavya Sharma  ,kavya.sharma17@hotmail.com,+91 70009 02766,Google,Engineering Manager,12,M.Sc Computer Science,PSG,2012,"Kubernetes, MongoDB, Power BI","AWS, React, Java, PyTorch",Coimbatore,Hyderabad,16.7,25.7,30,https://www.linkedin.com/in/kavya-sharma-114,https://github.com/kavyasharma21,Needs compensation discussion.,18-Sep-2024
CAND-0115,Meera M. Gupta,ishagupta18@proton.me,(700) 091-0685,Salesforce,Frontend Developer,12,B.Tech,SSN,2010,"PyTorch, MongoDB, PostgreSQL","Java, AWS",Delhi NCR,Bengaluru,14.8,21.1,0,https://www.linkedin.com/in/isha-gupta-115,https://github.com/ishagupta22,Needs compensation discussion.,17-Sep-2025
CAND-0116,Meera M. Kulkarni,meera.kulkarni13+alt116@yahoo.com,7000918604,Wipro,Senior Software Engineer,9,B.E.,SSN,2015,"AWS, PyTorch, TensorFlow, SQL","Java, Django",Bengaluru,Bengaluru,34.3,42.1,90,https://www.linkedin.com/in/meera-kulkarni-110,https://github.com/meerakulkarni17,Possible duplicate from alternate recruiter intake.,2025-12-22
CAND-0117,Karthik Reddy,,+91 70009 26523,Wipro,BI Analyst,8,MCA,Anna University,2017,"PostgreSQL, FastAPI, Kubernetes, TensorFlow, PyTorch","React, AWS",Hyderabad,Bengaluru,16.6,25.2,60,https://www.linkedin.com/in/karthik-reddy-117,https://github.com/karthikreddy24,Interested in product engineering roles.,"Jan 31, 2026"
CAND-0118,Sneha Krishnan,sneha.krishnan21@yahoo.com,07000934442,Oracle,Backend Engineer,13,MCA,NIT Trichy,2009,"Power BI, Spring Boot, Python, Java, AWS","Django, TensorFlow",Bengaluru,Hyderabad,44.6,64.2,60,https://www.linkedin.com/in/sneha-krishnan-118,https://github.com/snehakrishnan25,Needs compensation discussion.,15/09/2025
CAND-0119,AISHWARYA SRINIVASAN,aishwarya.srinivasan22@yahoo.com,7000942361,Oracle,Senior Software Engineer,13,MCA,BITS Pilani,2012,"Java, PostgreSQL, FastAPI, React, AWS","Spring Boot, PyTorch, TensorFlow, MongoDB",Coimbatore,Hyderabad,30.1,44.2,0,https://www.linkedin.com/in/aishwarya-srinivasan-119,https://github.com/aishwaryasrinivasan26,Interested in product engineering roles.,27/09/2024
CAND-0120,Kavya Gupta,kavya.gupta23@hotmail.com,(700) 095-0280,Freshworks,Engineering Manager,9,M.Tech,IIIT Hyderabad,2013,"Kubernetes, Java, TensorFlow, SQL","Docker, Python, Spring Boot",Bengaluru,Delhi NCR,21.9,25.4,45,https://www.linkedin.com/in/kavya-gupta-120,https://github.com/kavyagupta27,Interested in product engineering roles.,19-Nov-2024
CAND-0121,Vikram Menon,vikram.menon24@yahoo.com,,Zoho,Backend Engineer,2,B.Tech,IIT Madras,2020,"Docker, SQL, Java, Spring Boot","FastAPI, PyTorch, PostgreSQL",Hyderabad,Coimbatore,12.5,15.8,60,https://www.linkedin.com/in/vikram-menon-121,https://github.com/vikrammenon28,Needs compensation discussion.,"Jun 02, 2025"
CAND-0122,Ananya Subramanian,ananya_subramanian25@proton.me,(700) 096-6118,TCS,BI Analyst,3,B.E.,Anna University,2020,"Django, Docker, Spring Boot, React, AWS","TensorFlow, SQL, Kubernetes",Mumbai,Bengaluru,17.7,24.6,60,https://www.linkedin.com/in/ananya-subramanian-122,https://github.com/ananyasubramanian29,"Good communication, prefers backend work.",12/31/2024
CAND-0123,Aarav Narayanan,aarav_narayanan26@outlook.com,+91 70009 74037,Zoho,Frontend Developer,8,MCA,IIT Madras,2015,"MongoDB, PostgreSQL, SQL","PyTorch, Docker, React",Chennai,Pune,37.1,55.0,60,https://www.linkedin.com/in/aarav-narayanan-123,https://github.com/aaravnarayanan30,Needs compensation discussion.,"Feb 16, 2026"
CAND-0124,Sneha Patel,snehapatel27@hotmail.com,+91 70009 ABCDE,Wipro,DevOps Engineer,9,B.Tech,IIT Madras,2014,"PostgreSQL, SQL, Kubernetes, TensorFlow, PyTorch","Java, Django",Coimbatore,Hyderabad,7.4,11.4,45,https://www.linkedin.com/in/sneha-patel-124,https://github.com/snehapatel0,Strong system design fundamentals.,2024-07-10
CAND-0125,Karthik Patel,karthik_patel28@proton.me,7000989875,Accenture,Engineering Manager,9,B.Tech,Anna University,2013,"Spring Boot, AWS, Docker, PyTorch","SQL, React, Kubernetes, Python",Coimbatore,Delhi NCR,28.6,39.5,15,https://www.linkedin.com/in/karthik-patel-125,https://github.com/karthikpatel1,Open to Bengaluru and Chennai.,15-May-2025
CAND-0126,Meera Chakraborty,meerachakraborty29@outlook.com,7000997794,Adobe,Engineering Manager,8,M.Tech,IIIT Hyderabad,2015,,"React, Python",Bengaluru,Mumbai,19.6,23.3,15,https://www.linkedin.com/in/meera-chakraborty-126,https://github.com/meerachakraborty2,Open to Bengaluru and Chennai.,"Jan 24, 2026"
CAND-0127,Meera Reddy,meera.reddy30@outlook.com,(700) 100-5713,Infosys,DevOps Engineer,11,M.Tech,PSG,2011,"AWS, Python, Power BI, TensorFlow","PyTorch, MongoDB",Coimbatore,Delhi NCR,13.2,18.6,0,https://www.linkedin.com/in/meera-reddy-127,https://github.com/meerareddy3,"Good communication, prefers backend work.",10/12/2024
CAND-0128,Ishaan Krishnan,ishaan_krishnan31@hotmail.com,07001013632,International Business Machines,Frontend Developer,8,M.Tech,PSG,2015,"Kubernetes, PyTorch, Spring Boot, TensorFlow","MongoDB, Docker, Java",Mumbai,Mumbai,10.4,14.8,0,https://www.linkedin.com/in/ishaan-krishnan-128,https://github.com/ishaankrishnan4,Actively interviewing with multiple companies.,14-Nov-2024
CAND-0129,Arjun Nair,arjun.nair32@yahoo.com,+91 70010 21551,IBM,Backend Engineer,9,MCA,SSN,2014,"AWS, PostgreSQL, React, Docker, PyTorch","Django, SQL, MongoDB, FastAPI",Coimbatore,Hyderabad,21.2,29.4,0,https://www.linkedin.com/in/arjun-nair-129,https://github.com/arjunnair5,Needs compensation discussion.,16/11/2024
CAND-0130,Isha Patel,,07001029470,Freshworks,Cloud Engineer,7,B.E.,VIT,2018,"Docker, React, Java, TensorFlow","Spring Boot, AWS",Coimbatore,Pune,32.7,43.0,60,https://www.linkedin.com/in/isha-patel-130,https://github.com/ishapatel6,Actively interviewing with multiple companies.,11/19/2025
CAND-0131,Priya Iyer,priya_iyer34@gmail.com,+91 70010 37389,Salesforce,Senior Software Engineer,5,MCA,PSG,2020,"Kubernetes, MongoDB, SQL, Python","TensorFlow, PyTorch, FastAPI, Docker",Hyderabad,Coimbatore,36.2,53.6,0,https://www.linkedin.com/in/priya-iyer-131,https://github.com/priyaiyer7,Needs compensation discussion.,28/10/2024
CAND-0132,Rohan Chakraborty,rohanchakraborty35@outlook.com,,Accenture,BI Analyst,12,B.E.,PSG,2011,"AWS, React, TensorFlow, MongoDB, Django","Python, Kubernetes",Hyderabad,Mumbai,19.7,28.3,30,https://www.linkedin.com/in/rohan-chakraborty-132,https://github.com/rohanchakraborty8,"Good communication, prefers backend work.",2026-05-26
CAND-0133,  Sai Chakraborty  ,sai_chakraborty36@outlook.com,(700) 105-3227,Infosys,DevOps Engineer,1,M.Sc Computer Science,PSG,2023,"Power BI, MongoDB, React","Django, AWS",Delhi NCR,Pune,44.7,66.9,45,https://www.linkedin.com/in/sai-chakraborty-133,https://github.com/saichakraborty9,Needs compensation discussion.,2024-09-15
CAND-0134,Isha Patel,isha_patel37@outlook.com,+91-70010-61146,Accenture,Full Stack Engineer,12,MCA,SRM,2013,"Spring Boot, TensorFlow, Python, Power BI","PyTorch, Docker",Pune,Hyderabad,42.5,55.1,30,https://www.linkedin.com/in/isha-patel-134,https://github.com/ishapatel10,Open to Bengaluru and Chennai.,06/10/2025
CAND-0135,Aishwarya Nair,aishwarya.nair38@proton.me,(700) 106-9065,Salesforce,Cloud Engineer,13,M.Tech,VIT,,"Python, Java, PyTorch","React, Django, FastAPI",Delhi NCR,Hyderabad,19.4,27.6,15,https://www.linkedin.com/in/aishwarya-nair-135,https://github.com/aishwaryanair11,Open to Bengaluru and Chennai.,03-Oct-2024
CAND-0136,RAHUL IYER,rahuliyer39@outlook.com,+91 70010 76984,IBM,Backend Engineer,1,M.Sc Computer Science,NIT Trichy,2024,"SQL, Django, AWS, PyTorch, Java","React, Python, Spring Boot, Power BI",Chennai,Chennai,21.5,27.4,90,https://www.linkedin.com/in/rahul-iyer-136,https://github.com/rahuliyer12,Open to Bengaluru and Chennai.,"Oct 31, 2024"
CAND-0137,Sai Gupta,saigupta40@hotmail.com,7001084903,Microsoft,Frontend Developer,7,B.Tech,VIT,2017,"Spring Boot, PostgreSQL, FastAPI","Kubernetes, React",Pune,Hyderabad,9.5,14.0,90,https://www.linkedin.com/in/sai-gupta-137,https://github.com/saigupta13,Interested in product engineering roles.,04/04/2026
CAND-0138,Kavi Rao,kavya_rao41@gmail.com,+91 70010 92822,Bluestock,Cloud Engineer,14,M.Tech,IIIT Hyderabad,2010,"SQL, Java, TensorFlow","Docker, AWS, PostgreSQL, MongoDB",Mumbai,Mumbai,14.5,21.9,90,https://www.linkedin.com/in/kavya-rao-138,https://github.com/kavyarao14,"Good communication, prefers backend work.",2025-04-17
CAND-0139,Vikram Reddy,vikram.reddy42@yahoo.com,+91-70011-00741,Freshworks,BI Analyst,9,B.E.,VIT,2016,"Python, SQL, MongoDB, Django, Docker","React, Spring Boot, PyTorch",Pune,Coimbatore,13.4,17.5,60,https://www.linkedin.com/in/vikram-reddy-139,https://github.com/vikramreddy15,Needs compensation discussion.,07/09/2025
CAND-0140,Ishaan Chakraborty,ishaanchakraborty43@proton.me,(700) 110-8660,Zoho,Senior Software Engineer,1,B.Tech,IIIT Hyderabad,2021,"Python, PostgreSQL, SQL","TensorFlow, Spring Boot, MongoDB",Mumbai,Mumbai,28.9,33.4,15,https://www.linkedin.com/in/ishaan-chakraborty-140,https://github.com/ishaanchakraborty16,Open to Bengaluru and Chennai.,23-Sep-2024
CAND-0141,Aditya Patel,aditya.patel44@gmail.com,7001116579,Wipro,Frontend Developer,13,MCA,Anna University,2011,"PyTorch, SQL, PostgreSQL, MongoDB, Power BI","FastAPI, AWS",Pune,Mumbai,12.1,15.5,60,https://www.linkedin.com/in/aditya-patel-141,https://github.com/adityapatel17,Strong system design fundamentals.,12/05/2025
CAND-0142,Arjun Sharma,arjun.sharma45@yahoo.com,7001124498,Accenture,Backend Engineer,12,MCA,PSG,2011,"Kubernetes, PostgreSQL, SQL, Power BI","React, Spring Boot, MongoDB",Mumbai,Chennai,6.4,8.6,30,https://www.linkedin.com/in/arjun-sharma-142,https://github.com/arjunsharma18,Actively interviewing with multiple companies.,2026-02-10
CAND-0143,Nisha Gupta,,,Freshworks,Data Engineer,1,MCA,BITS Pilani,2024,"React, FastAPI, SQL, Java","PostgreSQL, Django, AWS, Python",Pune,Bengaluru,25.5,35.1,15,https://www.linkedin.com/in/nisha-gupta-143,https://github.com/nishagupta19,Strong system design fundamentals.,"Jan 17, 2026"
CAND-0144,Karthik Krishnan,karthik.krishnan47@proton.me,(700) 114-0336,Adobe India,DevOps Engineer,12,B.E.,PSG,2013,"Spring Boot, Java, Kubernetes, PyTorch, Python","AWS, MongoDB",Hyderabad,Chennai,18.5,27.4,60,https://www.linkedin.com/in/karthik-krishnan-144,https://github.com/karthikkrishnan20,Needs compensation discussion.,08-Jul-2024
CAND-0145,Vikram Narayanan,vikram.narayanan48hotmail.com,7001148255,Salesforce,Frontend Developer,8,B.E.,SSN,2014,"Power BI, Kubernetes, SQL","React, Python",Hyderabad,Chennai,20.4,31.4,90,https://www.linkedin.com/in/vikram-narayanan-145,https://github.com/vikramnarayanan21,Needs compensation discussion.,2025-05-10
CAND-0146,Priya Reddy,priya.reddy49@proton.me,+91-70011-56174,Oracle,Cloud Engineer,1,B.Tech,SSN,2024,"Java, Python, Django, Kubernetes","TensorFlow, Power BI, FastAPI",Pune,Delhi NCR,43.9,53.0,15,https://www.linkedin.com/in/priya-reddy-146,https://github.com/priyareddy22,Interested in product engineering roles.,24-Apr-2025
CAND-0147,Meera M. Narayanan,meera_narayanan81+alt147@hotmail.com,(700) 064-1439,Accenture,Backend Engineer,13,MCA,PSG,,"Python, FastAPI, Django, PostgreSQL","Java, Kubernetes",Chennai,Coimbatore,11.3,16.2,90,https://www.linkedin.com/in/meera-narayanan-81,https://github.com/meeranarayanan19,Possible duplicate from alternate recruiter intake.,30-May-2025
CAND-0148,Meera Menon,meera_menon51@outlook.com,"+91-70011-72012, +91-70090-91012",Adobe,Senior Software Engineer,4,MCA,PSG,2021,"React, Java, PostgreSQL","TensorFlow, Docker, Kubernetes",Pune,Hyderabad,11.3,16.5,0,https://www.linkedin.com/in/meera-menon-148,https://github.com/meeramenon24,Strong system design fundamentals.,08-Dec-2024
CAND-0149,Vivaan Reddy,vivaanreddy52@hotmail.com,(700) 117-9931,TCS,Data Engineer,3,M.Tech,Anna University,2019,"AWS, Kubernetes, Python, PyTorch","Spring Boot, Django, Java",Pune,Chennai,9.6,12.0,15,https://www.linkedin.com/in/vivaan-reddy-149,https://github.com/vivaanreddy25,Strong system design fundamentals.,2024-07-12
CAND-0150,Karthik Nair,karthik.nair53@gmail.com,(700) 118-7850,Adobe,DevOps Engineer,6,B.E.,Anna University,2018,"TensorFlow, PostgreSQL, FastAPI","Python, Java",Chennai,Pune,32.8,50.0,0,https://www.linkedin.com/in/karthik-nair-150,https://github.com/karthiknair26,Interested in product engineering roles.,"Feb 07, 2026"
CAND-0151,Isha Gupta,isha_gupta54@proton.me,07001195769,Google,DevOps Engineer,11,M.Sc Computer Science,NIT Trichy,2013,"FastAPI, PostgreSQL, Docker","Python, Power BI",Chennai,Chennai,22.6,29.2,30,https://www.linkedin.com/in/isha-gupta-151,https://github.com/ishagupta27,Needs compensation discussion.,"Nov 17, 2024"
CAND-0152,  Rohan Srinivasan  ,rohansrinivasan55@yahoo.com,+91-70012-03688,Wipro,Engineering Manager,4,MCA,PSG,2019,"AWS, SQL, Power BI","Kubernetes, TensorFlow, PostgreSQL",Bengaluru,Chennai,30.6,45.0,30,https://www.linkedin.com/in/rohan-srinivasan-152,https://github.com/rohansrinivasan28,"Good communication, prefers backend work.",2025-02-09
CAND-0153,RAHUL SHARMA,rahul_sharma56@yahoo.com,+91-70012-11607,Infosys,Cloud Engineer,9,M.Tech,VIT,2015,"React, Java, Django","AWS, Docker, Power BI, Python",Bengaluru,Mumbai,19.9,27.5,30,https://www.linkedin.com/in/rahul-sharma-153,https://github.com/rahulsharma29,Actively interviewing with multiple companies.,14-Jun-2026
CAND-0154,Aishwarya Sharma,aishwarya.sharma57@hotmail.com,,Accenture,Data Engineer,10,M.Tech,SSN,2015,"MongoDB, SQL, Docker","FastAPI, React, Kubernetes, Python",Mumbai,Pune,28.0,38.5,0,https://www.linkedin.com/in/aishwarya-sharma-154,https://github.com/aishwaryasharma30,Open to Bengaluru and Chennai.,20/03/2026
CAND-0155,Sai Krishnan,sai_krishnan58@proton.me,7001227445598,Accenture,Backend Engineer,13,M.Sc Computer Science,Anna University,2010,"React, TensorFlow, Power BI","Java, PyTorch",Hyderabad,Hyderabad,38.9,49.8,30,https://www.linkedin.com/in/sai-krishnan-155,https://github.com/saikrishnan0,Interested in product engineering roles.,"Dec 08, 2024"
CAND-0156,Ananya Nair,,7001235364,Accenture,Engineering Manager,12,MCA,SSN,2012,"Django, PyTorch, TensorFlow, React","AWS, PostgreSQL, FastAPI",Bengaluru,Mumbai,40.7,56.8,30,https://www.linkedin.com/in/ananya-nair-156,https://github.com/ananyanair1,"Good communication, prefers backend work.",02/11/2025
CAND-0157,Arjun Verma,arjun.verma60@gmail.com,+91 70012 43283,Zoho,Backend Engineer,6,B.E.,PSG,2017,"React, PyTorch, Java, Power BI","PostgreSQL, Docker, TensorFlow, Python",Coimbatore,Chennai,35.1,43.7,90,https://www.linkedin.com/in/arjun-verma-157,https://github.com/arjunverma2,Strong system design fundamentals.,"Aug 18, 2024"
CAND-0158,Meera Narayanan,meera.narayanan61@yahoo.com,07001251202,Oracle,Backend Engineer,7,B.E.,Anna University,2018,"AWS, Java, Docker, TensorFlow, PyTorch","FastAPI, Django, SQL, Python",Chennai,Hyderabad,25.2,32.8,15,https://www.linkedin.com/in/meera-narayanan-158,https://github.com/meeranarayanan3,Needs compensation discussion.,2024-12-11
CAND-0159,Adi Patel,aditya.patel44+alt159@gmail.com,7001116579,IBM,Frontend Developer,13,MCA,Anna University,2011,"PyTorch, SQL, PostgreSQL, MongoDB, Power BI","FastAPI, AWS",Pune,Mumbai,12.1,15.5,60,https://www.linkedin.com/in/aditya-patel-141,https://github.com/adityapatel17,Possible duplicate from alternate recruiter intake.,02/28/2026
CAND-0160,Nisha Narayanan,nisha_narayanan63@outlook.com,07001267040,GOOGLE,DevOps Engineer,11,B.Tech,SSN,2012,"Python, Java, Spring Boot","AWS, TensorFlow",Pune,Mumbai,12.4,18.7,60,https://www.linkedin.com/in/nisha-narayanan-160,https://github.com/nishanarayanan5,Needs compensation discussion.,2024-12-04
CAND-0161,Adi Menon,adityamenon64@yahoo.com,(700) 127-4959,TCS,BI Analyst,8,B.Tech,IIIT Hyderabad,2014,"PyTorch, FastAPI, Java","React, AWS, Kubernetes",Pune,Bengaluru,13.8,16.0,30,https://www.linkedin.com/in/aditya-menon-161,https://github.com/adityamenon6,Needs compensation discussion.,13/07/2025
CAND-0162,Meera Sharma,meera.sharma65@hotmail.com,+91-70012-82878,Cisco,Cloud Engineer,8,B.Tech,IIT Madras,,"Python, React, SQL, Power BI, PyTorch","Django, Docker",Coimbatore,Mumbai,16.3,24.2,45,https://www.linkedin.com/in/meera-sharma-162,https://github.com/meerasharma7,"Good communication, prefers backend work.","Jun 03, 2026"
CAND-0163,Aishwarya Verma,aishwarya.verma66@outlook.com,+91 70012 90797,Adobe,Cloud Engineer,5,M.Tech,VIT,2017,"Python, Kubernetes, TensorFlow, MongoDB, SQL","PostgreSQL, Django, React, Docker",Chennai,Pune,9.1,13.8,0,https://www.linkedin.com/in/aishwarya-verma-163,https://github.com/aishwaryaverma8,Actively interviewing with multiple companies.,18/09/2025
CAND-0164,Sai Kulkarni,saikulkarni67@hotmail.com,7001298716,Salesforce,Full Stack Engineer,6,M.Sc Computer Science,IIIT Hyderabad,2016,"Java, AWS, Kubernetes","Power BI, Docker, Spring Boot",Coimbatore,Pune,41.5,62.9,0,https://www.linkedin.com/in/sai-kulkarni-164,https://github.com/saikulkarni9,Needs compensation discussion.,30/11/2024
CAND-0165,Aishwarya Rao,aishwarya_rao68@proton.me,,Salesforce,Senior Software Engineer,2,M.Tech,IIT Madras,2023,"MongoDB, Kubernetes, Spring Boot, AWS","TensorFlow, PyTorch, SQL",Chennai,Pune,27.9,33.2,30,https://www.linkedin.com/in/aishwarya-rao-165,https://github.com/aishwaryarao10,Actively interviewing with multiple companies.,2025-02-28
CAND-0166,Nisha Verma,nisha_verma69@proton.me,07001314554,Cisco,Data Engineer,1,M.Sc Computer Science,Anna University,2021,"FastAPI, MongoDB, Docker, Power BI","Java, Django, React, Spring Boot",Bengaluru,Pune,19.2,28.2,15,https://www.linkedin.com/in/nisha-verma-166,https://github.com/nishaverma11,Needs compensation discussion.,11/08/2025
CAND-0167,Diya Kulkarni,diya.kulkarni70@gmail.com,7001322473,Google,Engineering Manager,13,MCA,SSN,2011,"AWS, React, SQL, Kubernetes, TensorFlow","Django, FastAPI",Hyderabad,Delhi NCR,12.2,15.5,15,https://www.linkedin.com/in/diya-kulkarni-167,https://github.com/diyakulkarni12,Open to Bengaluru and Chennai.,"Jul 12, 2025"
CAND-0168,Priya Subramanian,priya.subramanian71@proton.me,07001330392,Bluestock,Senior Software Engineer,11,B.Tech,VIT,2014,,"AWS, Django, Spring Boot",Coimbatore,Mumbai,7.2,9.4,15,https://www.linkedin.com/in/priya-subramanian-168,https://github.com/priyasubramanian13,Interested in product engineering roles.,23/04/2026
CAND-0169,Rohan Menon,,07001338311,Bluestock,DevOps Engineer,9,B.E.,NIT Trichy,2014,"Python, Docker, React, PyTorch, SQL","Java, Spring Boot, AWS, Power BI",Hyderabad,Bengaluru,6.8,9.9,45,https://www.linkedin.com/in/rohan-menon-169,https://github.com/rohanmenon14,Open to Bengaluru and Chennai.,05/24/2026
CAND-0170,POOJA SUBRAMANIAN,pooja_subramanian73@yahoo.com,07001346230,Salesforce,Senior Software Engineer,1,B.E.,PSG,2024,"Kubernetes, PyTorch, TensorFlow, SQL","FastAPI, Java, Docker",Delhi NCR,Delhi NCR,25.9,36.6,90,https://www.linkedin.com/in/pooja-subramanian-170,https://github.com/poojasubramanian15,Open to Bengaluru and Chennai.,08/01/2025
CAND-0171,Sai K. Chakraborty,sai_chakraborty36+alt171@outlook.com,7001053227,Infosys,DevOps Engineer,1,M.Sc Computer Science,PSG,2023,"Power BI, MongoDB, React","Django, AWS",Delhi NCR,Pune,44.7,66.9,45,https://www.linkedin.com/in/sai-chakraborty-133,https://github.com/saichakraborty9,Possible duplicate from alternate recruiter intake.,"Mar 06, 2026"
CAND-0172,Ananya Srinivasan,ananyasrinivasan75@yahoo.com,07001362068,Amazon,Software Engineer,11,M.Tech,IIIT Hyderabad,2011,"AWS, PostgreSQL, Power BI, Python","SQL, FastAPI, Docker, MongoDB",Bengaluru,Hyderabad,25.4,32.2,0,https://www.linkedin.com/in/ananya-srinivasan-172,https://github.com/ananyasrinivasan17,Needs compensation discussion.,08-Nov-2024
CAND-0173,Sneha Chakraborty,sneha_chakraborty76@proton.me,+91-70013-69987,Wipro,Backend Engineer,11,B.Tech,NIT Trichy,2012,"Spring Boot, Django, Power BI","Kubernetes, Docker, MongoDB",Chennai,Coimbatore,41.1,58.0,90,https://www.linkedin.com/in/sneha-chakraborty-173,https://github.com/snehachakraborty18,"Good communication, prefers backend work.",02/14/2026
CAND-0174,Aditya Gupta,aditya_gupta77outlook.com,+91 70013 77906,Wipro,Frontend Developer,9,B.Tech,NIT Trichy,2013,"FastAPI, AWS, Python, React, Power BI","TensorFlow, PyTorch",Hyderabad,Delhi NCR,10.7,15.2,15,https://www.linkedin.com/in/aditya-gupta-174,https://github.com/adityagupta19,Open to Bengaluru and Chennai.,2026-04-10
CAND-0175,Meera Menon,meera.menon78@hotmail.com,7001385825,Adobe,Backend Engineer,10,M.Tech,BITS Pilani,2012,"React, TensorFlow, AWS","Kubernetes, PostgreSQL, MongoDB, PyTorch",Chennai,Hyderabad,35.8,48.2,60,https://www.linkedin.com/in/meera-menon-175,https://github.com/meeramenon20,Interested in product engineering roles.,2024-07-18
CAND-0176,Karthik Reddy,karthik_reddy79@proton.me,,Accenture,Data Engineer,5,B.E.,SRM,2017,"FastAPI, React, Java, Python, PostgreSQL","Power BI, SQL, TensorFlow",Bengaluru,Coimbatore,11.0,14.3,45,https://www.linkedin.com/in/karthik-reddy-176,https://github.com/karthikreddy21,Strong system design fundamentals.,18/02/2025
CAND-0177,Sai Reddy,sai.reddy80@gmail.com,7001401663,Accenture,Software Engineer,10,MCA,NIT Trichy,2015,"PyTorch, SQL, Python, AWS, PostgreSQL","Power BI, Java, MongoDB",Pune,Chennai,25.7,30.8,60,https://www.linkedin.com/in/sai-reddy-177,https://github.com/saireddy22,Open to Bengaluru and Chennai.,28/10/2025
CAND-0178,Rohan Narayanan,rohan.narayanan81@proton.me,7001409582,Bluestock,Software Engineer,5,M.Tech,SRM,2018,"FastAPI, TensorFlow, MongoDB, Power BI, React","Java, SQL, PostgreSQL",Coimbatore,Hyderabad,22.4,26.7,60,https://www.linkedin.com/in/rohan-narayanan-178,https://github.com/rohannarayanan23,Interested in product engineering roles.,"Jul 01, 2025"
CAND-0179,Vikram Nair,vikram.nair82@gmail.com,+91-70014-17501,Google,Engineering Manager,8,B.E.,SRM,2017,"Spring Boot, Django, Python, SQL","React, PostgreSQL, PyTorch, FastAPI",Pune,Hyderabad,41.5,59.1,30,https://www.linkedin.com/in/vikram-nair-179,https://github.com/vikramnair24,Needs compensation discussion.,2024-08-20
CAND-0180,Ishaan Kulkarni,ishaankulkarni83@yahoo.com,(700) 142-5420,Google,Full Stack Engineer,6,B.Tech,BITS Pilani,2017,"Java, PostgreSQL, SQL, Python, Power BI","FastAPI, Docker",Coimbatore,Hyderabad,37.3,47.6,15,https://www.linkedin.com/in/ishaan-kulkarni-180,https://github.com/ishaankulkarni25,Strong system design fundamentals.,"Aug 14, 2025"
CAND-0181,Karthi Reddy,,07000926523,TCS,BI Analyst,8,MCA,Anna University,2017,"PostgreSQL, FastAPI, Kubernetes, TensorFlow, PyTorch","React, AWS",Hyderabad,Bengaluru,16.6,25.2,60,https://www.linkedin.com/in/karthik-reddy-117,https://github.com/karthikreddy24,Possible duplicate from alternate recruiter intake.,"Jul 29, 2025"
CAND-0182,Kavya Srinivasan,,+91-70014-41258,Wipro,Backend Engineer,2,M.Sc Computer Science,SSN,2022,"Java, AWS, TensorFlow","SQL, MongoDB, PyTorch",Coimbatore,Delhi NCR,11.2,16.1,90,https://www.linkedin.com/in/kavya-srinivasan-182,https://github.com/kavyasrinivasan27,Interested in product engineering roles.,"Nov 06, 2025"
CAND-0183,Arjun Verma,arjunverma86@hotmail.com,+91-70014-49177,Oracle,Cloud Engineer,1,B.Tech,IIT Madras,2022,"Power BI, MongoDB, PyTorch","PostgreSQL, TensorFlow, SQL, Django",Delhi NCR,Delhi NCR,8.5,12.0,15,https://www.linkedin.com/in/arjun-verma-183,https://github.com/arjunverma28,Needs compensation discussion.,"Jun 19, 2025"
CAND-0184,Viv Kulkarni,sai_kulkarni87@yahoo.com,+91 70014 57096,TCS,Engineering Manager,10,B.Tech,IIIT Hyderabad,2013,"Kubernetes, MongoDB, Docker","React, Java, TensorFlow",Bengaluru,Mumbai,8.1,11.4,90,https://www.linkedin.com/in/sai-kulkarni-184,https://github.com/saikulkarni29,Needs compensation discussion.,16/08/2025
CAND-0185,Meera Gupta,meeragupta88@hotmail.com,"7001465015, +91-70093-84015",Infosys,BI Analyst,8,B.Tech,Anna University,2014,"Java, Docker, Power BI, PyTorch","React, Kubernetes",Coimbatore,Mumbai,9.4,12.7,60,https://www.linkedin.com/in/meera-gupta-185,https://github.com/meeragupta30,Actively interviewing with multiple companies.,05/07/2025
CAND-0186,Rohan Srinivasan,rohan.srinivasan89@outlook.com,+91 70014 ABCDE,Bluestock,Cloud Engineer,6,B.Tech,BITS Pilani,2016,"MongoDB, Docker, Spring Boot","Power BI, PostgreSQL, TensorFlow, AWS",Hyderabad,Coimbatore,20.2,23.7,90,https://www.linkedin.com/in/rohan-srinivasan-186,https://github.com/rohansrinivasan0,Open to Bengaluru and Chennai.,01/11/2026
CAND-0187,ARJUN SHARMA,arjun.sharma90@yahoo.com,,Wipro,Backend Engineer,8,B.Tech,IIT Madras,2016,"AWS, Java, FastAPI, TensorFlow, Django","React, Power BI",Chennai,Delhi NCR,11.5,16.5,90,https://www.linkedin.com/in/arjun-sharma-187,https://github.com/arjunsharma1,"Good communication, prefers backend work.","Nov 03, 2024"
CAND-0188,Meera Srinivasan,meerasrinivasan91@yahoo.com,+91-70014-88772,Salesforce,Engineering Manager,3,M.Sc Computer Science,IIT Madras,2019,"Python, Kubernetes, AWS, TensorFlow, Docker","Django, PostgreSQL, MongoDB, Java",Pune,Mumbai,43.6,50.2,90,https://www.linkedin.com/in/meera-srinivasan-188,https://github.com/meerasrinivasan2,Interested in product engineering roles.,"Apr 06, 2025"
CAND-0189,Ananya Menon,ananyamenon92@outlook.com,07001496691,Zoho,Backend Engineer,3,M.Tech,IIIT Hyderabad,,,"SQL, Django, MongoDB, Java",Mumbai,Delhi NCR,22.1,31.6,90,https://www.linkedin.com/in/ananya-menon-189,https://github.com/ananyamenon3,Open to Bengaluru and Chennai.,2026-06-27
CAND-0190,  Diya Patel  ,diya.patel93@gmail.com,(700) 150-4610,Zoho,BI Analyst,10,B.Tech,SRM,2015,"Power BI, MongoDB, Kubernetes, FastAPI, AWS","SQL, Java",Hyderabad,Coimbatore,42.8,61.4,15,https://www.linkedin.com/in/diya-patel-190,https://github.com/diyapatel4,Open to Bengaluru and Chennai.,30-May-2026
CAND-0191,Sai Kulkarni,sai_kulkarni94@proton.me,7001512529,Google,Full Stack Engineer,4,MCA,BITS Pilani,2019,"Java, TensorFlow, PyTorch, Power BI","FastAPI, SQL, Docker, PostgreSQL",Mumbai,Chennai,35.4,41.2,0,https://www.linkedin.com/in/sai-kulkarni-191,https://github.com/saikulkarni5,Actively interviewing with multiple companies.,14/03/2025
CAND-0192,Pooja Kulkarni,poojakulkarni95@gmail.com,+91 70015 20448,Infosys Ltd,Cloud Engineer,14,M.Tech,VIT,2008,"PyTorch, Spring Boot, SQL, TensorFlow, Kubernetes","PostgreSQL, Django, MongoDB, React",Delhi NCR,Mumbai,14.8,20.8,0,https://www.linkedin.com/in/pooja-kulkarni-192,https://github.com/poojakulkarni6,Needs compensation discussion.,"Aug 10, 2024"
CAND-0193,Sai Nair,sainair96@yahoo.com,+91-70015-28367,Salesforce,Full Stack Engineer,1,B.Tech,BITS Pilani,2021,"Python, React, Spring Boot","Java, MongoDB, SQL, Docker",Mumbai,Bengaluru,18.9,27.1,15,https://www.linkedin.com/in/sai-nair-193,https://github.com/sainair7,"Good communication, prefers backend work.",09/07/2024
CAND-0194,Ishaan Subramanian,ishaansubramanian0@gmail.com,+91-70015-36286,Freshworks,Engineering Manager,7,B.Tech,BITS Pilani,2015,"PyTorch, Spring Boot, MongoDB","FastAPI, Django, Power BI",Pune,Bengaluru,9.6,11.9,90,https://www.linkedin.com/in/ishaan-subramanian-194,https://github.com/ishaansubramanian8,"Good communication, prefers backend work.",28/03/2026
CAND-0195,Vivaan Srinivasan,,(700) 154-4205,Wipro,Data Engineer,7,M.Tech,BITS Pilani,2015,"FastAPI, Kubernetes, Power BI, PostgreSQL","PyTorch, AWS",Mumbai,Chennai,41.7,63.7,0,https://www.linkedin.com/in/vivaan-srinivasan-195,https://github.com/vivaansrinivasan9,Interested in product engineering roles.,01/01/2026
CAND-0196,Rahul R. Chakraborty,rahul_chakraborty2+alt196@gmail.com,7000015838,Adobe,Cloud Engineer,9,M.Tech,Anna University,2016,"Kubernetes, FastAPI, PyTorch","AWS, SQL, Django, Java",Pune,Hyderabad,10.9,16.6,45,https://www.linkedin.com/in/rahul-chakraborty-2,https://github.com/rahulchakraborty2,Possible duplicate from alternate recruiter intake.,17/05/2026
CAND-0197,Karthi Reddy,karthik_reddy79+alt197@proton.me,(700) 156-0043,TCS,Data Engineer,5,B.E.,SRM,2017,"FastAPI, React, Java, Python, PostgreSQL","Power BI, SQL, TensorFlow",Bengaluru,Coimbatore,11.0,14.3,45,https://www.linkedin.com/in/karthik-reddy-176,https://github.com/karthikreddy21,Possible duplicate from alternate recruiter intake.,14/10/2024
CAND-0198,Sneha Kulkarni,sneha_kulkarni4@hotmail.com,,Accenture,DevOps Engineer,11,B.Tech,SRM,2014,"React, Python, Docker, Power BI, Spring Boot","Django, PostgreSQL",Hyderabad,Pune,37.9,44.7,45,https://www.linkedin.com/in/sneha-kulkarni-198,https://github.com/snehakulkarni12,Needs compensation discussion.,"Apr 06, 2026"
CAND-0199,Kavya Krishnan,kavyakrishnan5@yahoo.com,07001575881,Google,DevOps Engineer,11,M.Sc Computer Science,Anna University,2014,"TensorFlow, Java, SQL, Power BI, PostgreSQL","React, AWS",Hyderabad,Coimbatore,10.6,12.2,45,https://www.linkedin.com/in/kavya-krishnan-199,https://github.com/kavyakrishnan13,Needs compensation discussion.,2025-08-08
CAND-0200,Nisha Nair,nishanair6@hotmail.com,7001583800,Freshworks,Frontend Developer,3,MCA,IIIT Hyderabad,2022,"FastAPI, PyTorch, React, PostgreSQL, MongoDB","Docker, Python, Django, Power BI",Mumbai,Chennai,35.1,51.6,30,https://www.linkedin.com/in/nisha-nair-200,https://github.com/nishanair14,Interested in product engineering roles.,17/06/2025
CAND-0201,Kavya Verma,kavya_verma7@gmail.com,7001591719,Bluestock,Engineering Manager,3,M.Tech,NIT Trichy,2020,"Django, Java, React, PyTorch","Python, SQL, Power BI, FastAPI",Hyderabad,Hyderabad,12.3,15.2,15,https://www.linkedin.com/in/kavya-verma-201,https://github.com/kavyaverma15,Actively interviewing with multiple companies.,02/05/2026
CAND-0202,Arjun Menon,arjun_menon8@outlook.com,7001599638,Salesforce,Senior Software Engineer,4,M.Tech,IIT Madras,2020,"PyTorch, FastAPI, Power BI, TensorFlow, React","PostgreSQL, Docker, MongoDB, Spring Boot",Hyderabad,Coimbatore,18.4,24.5,30,https://www.linkedin.com/in/arjun-menon-202,https://github.com/arjunmenon16,Interested in product engineering roles.,26-May-2026
CAND-0203,Nisha Gupta,nishagupta9gmail.com,7001607557,Zoho,Data Engineer,13,B.Tech,IIIT Hyderabad,2010,"PyTorch, TensorFlow, Java","Django, Power BI, FastAPI",Delhi NCR,Chennai,17.9,24.5,60,https://www.linkedin.com/in/nisha-gupta-203,https://github.com/nishagupta17,"Good communication, prefers backend work.",08/18/2025
CAND-0204,VIVAAN PATEL,vivaanpatel10@gmail.com,07001615476,Cisco,Engineering Manager,9,M.Tech,VIT,2013,"AWS, Django, SQL, TensorFlow","Spring Boot, React, PyTorch, Java",Coimbatore,Mumbai,24.4,35.6,15,https://www.linkedin.com/in/vivaan-patel-204,https://github.com/vivaanpatel18,Needs compensation discussion.,10/12/2024
CAND-0205,Aishwarya Rao,aishwarya.rao11@outlook.com,+91 70016 23395,Bluestock,Backend Engineer,12,M.Sc Computer Science,BITS Pilani,2011,"Django, SQL, Docker","Java, Spring Boot",Pune,Pune,34.5,52.6,45,https://www.linkedin.com/in/aishwarya-rao-205,https://github.com/aishwaryarao19,Strong system design fundamentals.,09-Aug-2024
CAND-0206,Arjun Narayanan,arjun_narayanan12@yahoo.com,+91-70016-31314,Freshworks,Full Stack Engineer,14,B.E.,NIT Trichy,2010,"React, AWS, PyTorch, MongoDB, Spring Boot","Java, SQL, Docker, FastAPI",Coimbatore,Pune,34.9,48.2,60,https://www.linkedin.com/in/arjun-narayanan-206,https://github.com/arjunnarayanan20,Strong system design fundamentals.,25/11/2025
CAND-0207,Meera M. Nair,meera_nair13@proton.me,7001639233,Adobe,Senior Software Engineer,9,MCA,SRM,2014,"React, Spring Boot, TensorFlow","Java, MongoDB, FastAPI, Kubernetes",Mumbai,Bengaluru,31.1,38.4,90,https://www.linkedin.com/in/meera-nair-207,https://github.com/meeranair21,Needs compensation discussion.,22/07/2024
CAND-0208,Vivaan Nair,,(700) 164-7152,Salesforce,BI Analyst,3,MCA,VIT,2021,"React, Python, PostgreSQL, FastAPI, SQL","TensorFlow, Java, Docker, Power BI",Bengaluru,Coimbatore,11.3,15.3,45,https://www.linkedin.com/in/vivaan-nair-208,https://github.com/vivaannair22,"Good communication, prefers backend work.",11/23/2024
CAND-0209,  Ishaan Rao  ,ishaanrao15@hotmail.com,,Bluestock,Engineering Manager,5,MCA,VIT,2020,"TensorFlow, PostgreSQL, Java, Django","Kubernetes, FastAPI, React",Mumbai,Chennai,12.5,17.8,15,https://www.linkedin.com/in/ishaan-rao-209,https://github.com/ishaanrao23,Needs compensation discussion.,03/21/2026
CAND-0210,Vivaan Verma,vivaan_verma16@outlook.com,+91-70016-62990,Infosys,Engineering Manager,9,MCA,IIT Madras,2016,,"Power BI, MongoDB, PostgreSQL, FastAPI",Hyderabad,Mumbai,35.3,41.9,90,https://www.linkedin.com/in/vivaan-verma-210,https://github.com/vivaanverma24,Actively interviewing with multiple companies.,2026-02-09
CAND-0211,Kavya Nair,kavya.nair17@proton.me,+91-70016-70909,Cisco,Cloud Engineer,13,M.Tech,BITS Pilani,2012,"TensorFlow, Kubernetes, AWS, FastAPI","Python, PostgreSQL",Pune,Hyderabad,15.1,22.6,0,https://www.linkedin.com/in/kavya-nair-211,https://github.com/kavyanair25,Interested in product engineering roles.,09/09/2025
CAND-0212,Rahul Menon,rahul_menon18@hotmail.com,07001678828,TCS,Engineering Manager,7,B.E.,IIT Madras,2015,"AWS, SQL, Django, PostgreSQL, Kubernetes","PyTorch, React, Docker, Spring Boot",Delhi NCR,Bengaluru,28.0,39.1,90,https://www.linkedin.com/in/rahul-menon-212,https://github.com/rahulmenon26,Strong system design fundamentals.,"Feb 20, 2025"
CAND-0213,Ishaan Iyer,ishaan_iyer19@gmail.com,+91-70016-86747,Adobe,Engineering Manager,7,B.Tech,PSG,2015,"Power BI, PyTorch, PostgreSQL, Python, React","Java, Django, FastAPI",Bengaluru,Hyderabad,36.7,54.0,0,https://www.linkedin.com/in/ishaan-iyer-213,https://github.com/ishaaniyer27,"Good communication, prefers backend work.","Aug 07, 2024"
CAND-0214,Isha Rao,isha.rao20@hotmail.com,+91 70016 94666,Bluestock,Engineering Manager,5,M.Sc Computer Science,IIIT Hyderabad,2018,"PyTorch, Docker, MongoDB","Django, SQL",Delhi NCR,Bengaluru,33.8,46.9,60,https://www.linkedin.com/in/isha-rao-214,https://github.com/isharao28,Interested in product engineering roles.,2026-05-21
CAND-0215,Diya Reddy,diya_reddy21@hotmail.com,+91-70017-02585,Bluestock,Software Engineer,3,M.Sc Computer Science,BITS Pilani,2022,"Spring Boot, PyTorch, AWS, SQL","Django, Power BI, Python, Java",Hyderabad,Coimbatore,9.4,11.8,30,https://www.linkedin.com/in/diya-reddy-215,https://github.com/diyareddy29,Interested in product engineering roles.,12/03/2026
CAND-0216,Meera Verma,meeraverma22@yahoo.com,+91-70017-10504,Oracle,BI Analyst,1,MCA,IIT Madras,,"Kubernetes, Java, PostgreSQL","AWS, React, PyTorch",Mumbai,Pune,16.2,21.3,15,https://www.linkedin.com/in/meera-verma-216,https://github.com/meeraverma30,Open to Bengaluru and Chennai.,"Oct 12, 2025"
CAND-0217,Aishwarya Kulkarni,aishwarya.kulkarni23@yahoo.com,+91 70017 ABCDE,Google,Cloud Engineer,2,B.Tech,IIT Madras,2023,"PyTorch, Power BI, Django","Docker, AWS, TensorFlow",Delhi NCR,Delhi NCR,16.1,21.0,30,https://www.linkedin.com/in/aishwarya-kulkarni-217,https://github.com/aishwaryakulkarni0,Strong system design fundamentals.,18/01/2026
CAND-0218,Ananya Krishnan,ananya.krishnan24@outlook.com,+91 70017 26342,Adobe,BI Analyst,5,M.Tech,BITS Pilani,2018,"Docker, Power BI, Django","PostgreSQL, FastAPI",Bengaluru,Coimbatore,13.1,19.0,0,https://www.linkedin.com/in/ananya-krishnan-218,https://github.com/ananyakrishnan1,Strong system design fundamentals.,"Sep 18, 2024"
CAND-0219,Pooja Sharma,poojasharma25@outlook.com,+91 70017 34261,Infosys,Engineering Manager,1,B.Tech,IIIT Hyderabad,2021,"Docker, TensorFlow, FastAPI, PostgreSQL","Power BI, Spring Boot",Coimbatore,Pune,39.1,50.8,45,https://www.linkedin.com/in/pooja-sharma-219,https://github.com/poojasharma2,"Good communication, prefers backend work.",08/02/2024
CAND-0220,Diya Subramanian,diya_subramanian26@outlook.com,,TCS,Backend Engineer,8,M.Sc Computer Science,PSG,2015,"Spring Boot, Power BI, Python, SQL","FastAPI, Kubernetes, React, Docker",Bengaluru,Hyderabad,44.1,63.0,45,https://www.linkedin.com/in/diya-subramanian-220,https://github.com/diyasubramanian3,"Good communication, prefers backend work.",16-Jun-2025
CAND-0221,ISHAAN GUPTA,,07001750099,Oracle,Frontend Developer,7,MCA,IIT Madras,2018,"FastAPI, Docker, React, TensorFlow","MongoDB, Spring Boot",Bengaluru,Bengaluru,33.3,43.3,90,https://www.linkedin.com/in/ishaan-gupta-221,https://github.com/ishaangupta4,Interested in product engineering roles.,2025-10-27
CAND-0222,Ishaan Subramanian,ishaan.subramanian28@yahoo.com,"7001758018, +91-70096-77018",Zoho,Backend Engineer,14,MCA,Anna University,2010,"SQL, Docker, FastAPI, PostgreSQL","Power BI, Python, Kubernetes, Java",Pune,Delhi NCR,30.6,41.7,30,https://www.linkedin.com/in/ishaan-subramanian-222,https://github.com/ishaansubramanian5,Open to Bengaluru and Chennai.,04-Jul-2025
CAND-0223,Sneha Verma,sneha_verma29@proton.me,+91-70017-65937,Infosys,Full Stack Engineer,6,B.Tech,IIT Madras,2017,"TensorFlow, Django, PostgreSQL, SQL, PyTorch","Power BI, React, Spring Boot, MongoDB",Mumbai,Hyderabad,6.8,8.1,45,https://www.linkedin.com/in/sneha-verma-223,https://github.com/snehaverma6,Actively interviewing with multiple companies.,25/11/2024
CAND-0224,Ananya Subramanian,ananyasubramanian30@proton.me,+91-70017-73856,Bluestock,BI Analyst,10,B.E.,NIT Trichy,2013,"React, Spring Boot, Django","Kubernetes, MongoDB, Docker",Coimbatore,Coimbatore,21.8,33.0,30,https://www.linkedin.com/in/ananya-subramanian-224,https://github.com/ananyasubramanian7,Actively interviewing with multiple companies.,02/21/2026
CAND-0225,Kavya Nair,kavya.nair31@gmail.com,+91-70017-81775,Amazon,Software Engineer,3,MCA,IIIT Hyderabad,2019,"Power BI, PostgreSQL, Java, Django, React","FastAPI, MongoDB, SQL",Coimbatore,Chennai,34.4,48.7,0,https://www.linkedin.com/in/kavya-nair-225,https://github.com/kavyanair8,Open to Bengaluru and Chennai.,24/03/2026
CAND-0226,Aditya Srinivasan,aditya_srinivasan32@proton.me,07001789694,Wipro,DevOps Engineer,5,M.Sc Computer Science,PSG,2018,"PyTorch, React, MongoDB, Kubernetes","Python, PostgreSQL",Mumbai,Pune,14.9,21.5,15,https://www.linkedin.com/in/aditya-srinivasan-226,https://github.com/adityasrinivasan9,Actively interviewing with multiple companies.,03/01/2026
CAND-0227,Aishwarya Rao,aishwarya_rao33@yahoo.com,07001797613,Zoho,BI Analyst,7,M.Tech,PSG,2016,"PostgreSQL, Spring Boot, Docker, Kubernetes","Java, PyTorch",Chennai,Chennai,26.4,37.1,60,https://www.linkedin.com/in/aishwarya-rao-227,https://github.com/aishwaryarao10,Interested in product engineering roles.,17-Jun-2025
CAND-0228,  Nisha Patel  ,nishapatel34@proton.me,(700) 180-5532,Google,Cloud Engineer,13,MCA,SRM,2011,"SQL, FastAPI, TensorFlow, Django","Power BI, Docker",Bengaluru,Delhi NCR,24.6,28.4,90,https://www.linkedin.com/in/nisha-patel-228,https://github.com/nishapatel11,Actively interviewing with multiple companies.,"Aug 03, 2025"
CAND-0229,Karthik Menon,karthik.menon35@yahoo.com,+91 70018 13451,Microsoft,DevOps Engineer,11,B.Tech,NIT Trichy,2014,"SQL, Power BI, PyTorch, FastAPI, MongoDB","TensorFlow, Spring Boot, Docker, Java",Mumbai,Pune,15.3,22.3,30,https://www.linkedin.com/in/karthik-menon-229,https://github.com/karthikmenon12,Actively interviewing with multiple companies.,"Mar 29, 2026"
CAND-0230,Rahul R. Krishnan,rohan_krishnan36@outlook.com,7001821370,Google,Backend Engineer,1,B.E.,IIT Madras,2023,"FastAPI, PostgreSQL, React","TensorFlow, Python, Spring Boot, Java",Hyderabad,Coimbatore,43.8,50.8,45,https://www.linkedin.com/in/rohan-krishnan-230,https://github.com/rohankrishnan13,Open to Bengaluru and Chennai.,2025-10-17
CAND-0231,Aditya Kulkarni,aditya.kulkarni37@gmail.com,,Infosys,Backend Engineer,1,M.Tech,NIT Trichy,2021,,"Java, Kubernetes",Delhi NCR,Coimbatore,16.4,21.4,0,https://www.linkedin.com/in/aditya-kulkarni-231,https://github.com/adityakulkarni14,"Good communication, prefers backend work.",12/05/2026
CAND-0232,Nisha Subramanian,nisha.subramanian38outlook.com,+91 70018 37208,Bluestock,Full Stack Engineer,6,MCA,BITS Pilani,2019,"PostgreSQL, Kubernetes, MongoDB, Java, FastAPI","AWS, Spring Boot, Docker",Chennai,Bengaluru,12.2,17.6,30,https://www.linkedin.com/in/nisha-subramanian-232,https://github.com/nishasubramanian15,"Good communication, prefers backend work.","Oct 30, 2024"
CAND-0233,Aarav Sharma,aarav.sharma39@yahoo.com,7001845127,Salesforce,Cloud Engineer,12,M.Tech,IIIT Hyderabad,2011,"Django, React, Docker","MongoDB, SQL",Coimbatore,Chennai,29.3,38.0,15,https://www.linkedin.com/in/aarav-sharma-233,https://github.com/aaravsharma16,Needs compensation discussion.,23-Feb-2025
CAND-0234,Sneha Chakraborty,,+91-70018-53046,Bluestock,Data Engineer,13,MCA,SRM,2009,"Power BI, AWS, Spring Boot","React, FastAPI, Python, TensorFlow",Mumbai,Bengaluru,40.8,58.9,60,https://www.linkedin.com/in/sneha-chakraborty-234,https://github.com/snehachakraborty17,Open to Bengaluru and Chennai.,"May 27, 2025"
CAND-0235,Rahul Kulkarni,rahul.kulkarni41@hotmail.com,+91 70018 60965,TCS,BI Analyst,14,B.E.,SRM,2008,"Docker, FastAPI, MongoDB","AWS, TensorFlow, Python, PyTorch",Hyderabad,Delhi NCR,27.6,32.5,0,https://www.linkedin.com/in/rahul-kulkarni-235,https://github.com/rahulkulkarni18,Actively interviewing with multiple companies.,"Jan 02, 2026"
CAND-0236,Anu Rao,ananyarao49+alt236@yahoo.com,+91-70003-88031,Bluestock,DevOps Engineer,11,M.Tech,Anna University,2014,"MongoDB, Kubernetes, AWS, Spring Boot, PyTorch","Power BI, SQL, Python, FastAPI",Pune,Chennai,9.1,11.7,90,https://www.linkedin.com/in/ananya-rao-49,https://github.com/ananyarao18,Possible duplicate from alternate recruiter intake.,11/21/2025
CAND-0237,Sai Rao,sai.rao43@gmail.com,+91 70018 76803,Cisco,Data Engineer,7,M.Sc Computer Science,IIT Madras,2015,"PyTorch, Java, Python, React, Power BI","AWS, FastAPI",Delhi NCR,Pune,31.0,37.0,60,https://www.linkedin.com/in/sai-rao-237,https://github.com/sairao20,"Good communication, prefers backend work.",06/18/2026
CAND-0238,RAHUL SHARMA,rahulsharma44@gmail.com,07001884722,IBM,Frontend Developer,10,M.Sc Computer Science,PSG,2012,"PyTorch, Docker, Java","MongoDB, Python, AWS",Mumbai,Chennai,34.0,39.3,90,https://www.linkedin.com/in/rahul-sharma-238,https://github.com/rahulsharma21,Strong system design fundamentals.,2025-05-07
CAND-0239,Rohan Patel,rohanpatel45@hotmail.com,7001892641,Microsoft,Senior Software Engineer,12,B.E.,NIT Trichy,2010,"Kubernetes, PyTorch, Django","MongoDB, React, Power BI, SQL",Delhi NCR,Delhi NCR,15.0,19.6,45,https://www.linkedin.com/in/rohan-patel-239,https://github.com/rohanpatel22,Strong system design fundamentals.,17/12/2024
CAND-0240,Sneha Subramanian,sneha.subramanian46@hotmail.com,+91-70019-00560,Freshworks,Data Engineer,11,M.Sc Computer Science,SRM,2012,"PostgreSQL, Spring Boot, MongoDB, Kubernetes","AWS, Docker, Power BI",Pune,Coimbatore,12.2,18.9,60,https://www.linkedin.com/in/sneha-subramanian-240,https://github.com/snehasubramanian23,Actively interviewing with multiple companies.,17-Mar-2025
CAND-0241,Meera Subramanian,meera.subramanian47@proton.me,7001908479,Google,Software Engineer,5,B.E.,VIT,2019,"Python, FastAPI, Django, SQL","Java, Docker, Power BI",Bengaluru,Hyderabad,29.2,39.6,30,https://www.linkedin.com/in/meera-subramanian-241,https://github.com/meerasubramanian24,"Good communication, prefers backend work.",12/03/2025
CAND-0242,Rahul Chakraborty,rahul_chakraborty48@gmail.com,,Cisco,Senior Software Engineer,10,B.Tech,BITS Pilani,2015,"Java, Power BI, Spring Boot, Docker, React","PostgreSQL, Django, Kubernetes",Hyderabad,Coimbatore,21.6,32.8,45,https://www.linkedin.com/in/rahul-chakraborty-242,https://github.com/rahulchakraborty25,Needs compensation discussion.,31/10/2024
CAND-0243,Pooja Verma,poojaverma49@hotmail.com,+91-70019-24317,Google,DevOps Engineer,1,B.Tech,SRM,,"TensorFlow, React, Spring Boot, Kubernetes, Django","Python, Power BI",Pune,Hyderabad,17.9,20.9,45,https://www.linkedin.com/in/pooja-verma-243,https://github.com/poojaverma26,Interested in product engineering roles.,12-Nov-2024
CAND-0244,Aditya Gupta,aditya.gupta50@hotmail.com,+91-70019-32236,Salesforce,Software Engineer,9,M.Sc Computer Science,IIIT Hyderabad,2013,"AWS, SQL, Power BI, React, MongoDB","PyTorch, FastAPI, TensorFlow",Bengaluru,Bengaluru,21.6,25.6,0,https://www.linkedin.com/in/aditya-gupta-244,https://github.com/adityagupta27,Open to Bengaluru and Chennai.,13-Sep-2025
CAND-0245,Aishwarya Iyer,aishwarya.iyer51@proton.me,+91-70019-40155,Microsoft,DevOps Engineer,7,B.Tech,SRM,2015,"TensorFlow, PyTorch, Python, FastAPI","Docker, MongoDB",Bengaluru,Delhi NCR,20.2,24.8,30,https://www.linkedin.com/in/aishwarya-iyer-245,https://github.com/aishwaryaiyer28,Interested in product engineering roles.,2024-09-25
CAND-0246,Vivaan Reddy,vivaan.reddy52@outlook.com,+91-70019-48074,Salesforce,Backend Engineer,14,M.Sc Computer Science,IIIT Hyderabad,2010,"Power BI, SQL, Java, FastAPI","TensorFlow, Python, Docker",Coimbatore,Hyderabad,38.5,48.7,60,https://www.linkedin.com/in/vivaan-reddy-246,https://github.com/vivaanreddy29,Needs compensation discussion.,29/03/2026
CAND-0247,  Aarav Subramanian  ,,(700) 195-5993,Salesforce,Engineering Manager,1,B.E.,Anna University,2024,"SQL, Power BI, TensorFlow","Python, Docker, PostgreSQL",Chennai,Hyderabad,16.0,18.8,90,https://www.linkedin.com/in/aarav-subramanian-247,https://github.com/aaravsubramanian30,Needs compensation discussion.,"Feb 21, 2025"
CAND-0248,Priya Narayanan,priya_narayanan54@proton.me,7001963,Microsoft,Data Engineer,8,M.Tech,SSN,2015,"Django, Kubernetes, Docker","PostgreSQL, Python, MongoDB, FastAPI",Hyderabad,Delhi NCR,39.8,54.2,30,https://www.linkedin.com/in/priya-narayanan-248,https://github.com/priyanarayanan0,Open to Bengaluru and Chennai.,01-Apr-2026
CAND-0249,Priya Menon,priyamenon55@proton.me,7001971831,Infosys,Software Engineer,11,M.Sc Computer Science,SRM,2013,"Kubernetes, FastAPI, Django","Docker, TensorFlow",Pune,Bengaluru,16.0,20.9,60,https://www.linkedin.com/in/priya-menon-249,https://github.com/priyamenon1,Interested in product engineering roles.,09-Sep-2025
CAND-0250,Pooja Krishnan,pooja.krishnan56@yahoo.com,+91-70019-79750,Zoho,Engineering Manager,3,B.Tech,IIIT Hyderabad,2021,"PyTorch, SQL, Django, React, FastAPI","MongoDB, Spring Boot, TensorFlow, Power BI",Mumbai,Delhi NCR,14.1,17.0,0,https://www.linkedin.com/in/pooja-krishnan-250,https://github.com/poojakrishnan2,Interested in product engineering roles.,21/05/2025
